"week","tripduration","totaltrip","10001","10002","10003","10004","10005","10007","10009","10010","10011","10012","10013","10014","10016","10017","10018","10019","10021","10022","10023","10024","10025","10026","10027","10028","10029","10035","10036","10037","10038","10040","10044","10065","10069","10075","10115","10119","10128","10153","10162","10199","10278","10279","10280","10282","10453","10457","10458","10460","11101","11102","11103","11105","11106","11109","11201","11203","11205","11206","11208","11211","11213","11215","11216","11217","11221","11222","11225","11231","11232","11233","11235","11237","11238","11369","10468","11385","11207","10006","10170","10032","10030","10031","10451","10454","10039","10455","10456","10033","10111","10452","10459","10474","11220","11370","11377","11218","11226","10034","10020","10463","10467","11104","10461","11219","11209"
2019-01-06,12.5296407073223,159814,13941,14555,24328,1828,2141,742,12165,9989,15821,7224,8122,13985,14427,7012,8719,17995,4944,8218,7462,6157,5002,1688,2311,3179,4027,3132,6094,3279,4533,812,50,1543,677,2043,179,1422,4078,1380,125,915,335,1290,3627,2119,0,0,0,0,3225,891,453,679,1483,652,10831,97,3926,1705,941,10936,557,6504,1743,5654,1133,4221,656,4398,164,387,131,176,4405,63,0,0,0,0,0,0,0,0,0,0,0,0,0,0,0,0,0,0,0,0,0,0,0,0,0,0,0,0,0,0,0
2019-01-13,11.4373146334923,246134,23020,21809,37860,2785,3227,1329,18381,15672,25556,11478,12703,21519,22264,10802,13914,28077,8458,12334,11063,9604,7518,2323,3524,5412,6306,5509,9491,4842,6795,1297,39,2263,921,2616,289,2215,5824,1830,218,1358,546,1753,5142,2784,0,6,8,0,4816,1318,653,887,2013,974,16545,141,6089,2665,1346,16717,865,8720,2803,8879,1753,6911,843,6616,270,570,173,319,6615,81,0,0,0,0,0,0,0,0,0,0,0,0,0,0,0,0,0,0,0,0,0,0,0,0,0,0,0,0,0,0,0
2019-01-20,11.1596237613453,230492,21707,20462,35677,2419,3187,1239,17773,14708,24133,10622,12003,20699,21452,10221,13092,26134,8128,11483,9892,8503,6492,2095,3331,5010,5696,5203,9022,4521,6729,1363,39,1935,891,2459,288,2184,5312,1525,179,1453,522,1232,4776,2831,3,1,0,0,4633,1198,654,884,1995,1100,15430,141,5543,2365,1298,15593,818,8225,2537,7913,1634,6328,722,6080,248,591,157,291,5913,68,0,0,0,0,0,0,0,0,0,0,0,0,0,0,0,0,0,0,0,0,0,0,0,0,0,0,0,0,0,0,0
2019-01-27,11.0713482987435,177075,16267,15875,27428,1859,2262,914,13924,10822,19068,8419,9133,16092,15527,7106,9387,19430,6179,8180,8186,7270,5689,1733,2937,3821,4494,3777,6899,3087,5374,1069,29,1465,687,1648,283,1699,3944,1232,122,1120,442,869,3568,2128,3,2,7,0,3526,997,534,728,1539,722,11833,110,4602,1928,1043,12484,597,6103,1964,6347,1289,5248,619,4636,186,449,97,229,4830,54,0,0,0,0,0,0,0,0,0,0,0,0,0,0,0,0,0,0,0,0,0,0,0,0,0,0,0,0,0,0,0
2019-02-03,10.9791295950697,184328,16415,16654,28482,1837,2382,943,15246,11957,19767,8625,9566,17443,15979,7964,10289,19912,6501,9227,8399,6665,5484,1818,2854,3862,4762,3920,6780,3681,5617,1018,39,1677,670,1836,285,1792,4267,1320,124,1131,414,858,3642,2150,0,2,5,2,3536,835,432,517,1478,810,12567,111,4707,2006,1005,12685,571,6372,2117,6302,1341,5152,646,4891,179,468,107,247,5239,69,0,0,0,0,0,0,0,0,0,0,0,0,0,0,0,0,0,0,0,0,0,0,0,0,0,0,0,0,0,0,0
2019-02-10,12.1290771862289,270683,24582,23669,43027,2976,3924,1411,21065,17540,28556,12869,14642,26773,23948,11581,14712,28520,8862,12995,12343,9587,8178,2693,4504,5303,6530,5565,9391,4994,8226,1499,45,2119,1146,2828,473,2567,6198,2146,225,1868,677,1375,6089,3696,0,1,11,0,5460,1468,767,928,2184,1331,18302,154,6621,3316,1326,19376,926,9090,2962,8737,1872,7426,988,6911,298,1009,171,356,7333,125,0,0,0,0,0,0,0,0,0,0,0,0,0,0,0,0,0,0,0,0,0,0,0,0,0,0,0,0,0,0,0
2019-02-17,11.9580647974535,229330,21001,21215,35606,2339,3363,1180,18420,14363,24156,10783,12080,21801,19771,10018,12652,25128,7531,11406,10633,8428,6747,2253,3500,4167,5767,4862,8390,4249,7023,1230,63,1743,830,2339,338,2222,5323,1607,154,1428,469,1172,4719,2809,0,0,0,0,4427,1230,739,776,2166,1057,15133,151,5756,2775,1160,17013,751,7542,2445,7206,1630,6307,821,6096,298,1085,125,272,6311,110,0,0,0,0,0,0,0,0,0,0,0,0,0,0,0,0,0,0,0,0,0,0,0,0,0,0,0,0,0,0,0
2019-02-24,11.9335251503808,214788,19363,19380,33838,2236,2906,1021,17062,13687,22798,10069,10643,20649,18317,8942,12034,23247,6772,10343,10454,8722,6835,2283,3485,4032,5142,4467,8118,3776,5922,1165,61,1686,858,2282,414,1830,5175,1636,143,1411,481,1346,4286,2577,0,0,0,0,4694,1063,707,790,2081,982,13671,119,5059,2725,991,17029,756,6944,2341,6704,1460,5939,756,5300,214,1031,139,266,5835,85,0,0,0,0,0,0,0,0,0,0,0,0,0,0,0,0,0,0,0,0,0,0,0,0,0,0,0,0,0,0,0
2019-03-03,11.2089376733161,216007,20744,19599,33445,2154,2937,1143,17840,14949,22745,9983,10909,19743,19866,9558,12556,23673,7683,10683,10015,8120,6818,1923,3312,3963,5457,4739,8304,4391,5951,1161,38,1907,776,2045,413,2213,5001,1560,119,1316,520,1575,4123,2375,0,0,7,0,3760,1091,666,784,1701,912,13852,114,5369,2325,1035,14942,720,6810,2259,6547,1516,5774,625,5315,170,1086,182,264,5750,91,2,0,0,0,0,0,0,0,0,0,0,0,0,0,0,0,0,0,0,0,0,0,0,0,0,0,0,0,0,0,0
2019-03-10,11.5235909479078,234200,21355,21365,36847,2450,2988,1047,18809,16830,23894,10555,11964,22286,20967,9697,12965,26441,8048,11522,11533,9178,8114,2309,3878,4798,5734,4773,8907,4411,6206,1299,31,1923,1057,2465,467,2352,5525,1748,167,1562,497,1504,4794,3010,0,0,0,0,4101,1172,595,833,1921,1062,14721,130,5587,2531,1094,16050,752,7760,2483,6790,1659,6365,813,5791,216,1125,169,235,6072,102,0,0,0,0,0,0,0,0,0,0,0,0,0,0,0,0,0,0,0,0,0,0,0,0,0,0,0,0,0,0,0
2019-03-17,12.4843113899092,321539,29767,28140,49628,3818,4418,1689,23864,22487,33856,13742,17484,31604,27779,12562,16829,34423,11551,15067,15183,13078,11019,3198,5201,6508,7676,6854,11472,6283,9171,1626,65,2972,1598,3009,581,2937,7792,2741,276,2737,792,2298,7263,4839,0,0,0,0,6397,1884,1004,1189,3203,1630,21233,166,7497,3804,1290,22684,1026,10543,3400,9416,2160,8605,1070,8061,412,1471,243,386,8271,156,0,0,0,0,0,0,0,0,0,0,0,0,0,0,0,0,0,0,0,0,0,0,0,0,0,0,0,0,0,0,0
2019-03-24,12.2187313919528,282136,25354,25172,43595,2827,4006,2055,21424,18599,29559,11800,13587,26423,23889,10494,14316,30068,9709,13113,13418,11780,9516,2980,4567,5453,6963,6040,10311,4945,7566,1453,46,2300,1318,3447,460,2589,6850,2234,220,2628,615,2133,6237,4108,0,0,0,0,6193,2137,1108,1143,3120,1463,18713,156,6967,3557,1225,20853,947,9999,3175,8621,2105,8259,1010,6973,318,1364,180,331,8054,131,0,0,0,0,0,0,0,0,0,0,0,0,0,0,0,0,0,0,0,0,0,0,0,0,0,0,0,0,0,0,0
2019-03-31,13.5469459200912,393048,33580,33902,60706,4374,5712,2724,28596,24967,40322,16689,18557,37415,31846,15432,18948,41365,12300,18447,20042,17106,14894,4631,7368,7291,9509,7886,13742,6844,10515,1952,178,3282,2290,5190,963,3390,10159,4223,374,3986,945,2681,10249,6609,0,5,0,0,8336,2735,1421,1671,4302,1968,26431,231,9509,5322,1602,29472,1260,13728,4596,11792,2975,11315,1540,9773,537,1713,286,533,10610,252,0,0,0,0,0,0,0,0,0,0,0,0,0,0,0,0,0,0,0,0,0,0,0,0,0,0,0,0,0,0,0
2019-04-07,13.1582337076843,372645,32684,31778,57662,3911,5519,1797,27167,25173,37638,15761,18695,35220,30792,15204,18364,39423,12248,17954,18326,15036,12603,4214,6416,6992,9072,7582,12931,6421,10420,1807,144,3115,2068,4827,860,3057,9667,3933,368,3459,925,2576,9381,5824,0,0,0,0,7786,2893,1266,1577,4019,1847,25561,277,9155,4503,1592,27777,1372,12758,4414,11359,2862,10634,1378,9732,437,1626,293,491,10440,224,0,0,0,0,0,0,0,0,0,0,0,0,0,0,0,0,0,0,0,0,0,0,0,0,0,0,0,0,0,0,0
2019-04-14,14.2598804729691,451446,37992,38307,69946,4762,6966,2172,31753,29213,45950,19055,22879,43190,35756,17624,21402,47032,13973,21816,23462,18897,16195,5424,8266,8462,10985,8854,15521,7676,12602,2254,230,4047,3016,6610,957,3504,12169,4873,452,4482,1135,3061,13285,8172,0,0,0,0,9699,3416,1617,2076,5298,2445,30541,342,10599,5494,1726,33739,1572,15520,5423,13634,3532,12990,1881,11395,601,1814,337,540,11993,285,0,0,0,0,0,0,0,0,0,0,0,0,0,0,0,0,0,0,0,0,0,0,0,0,0,0,0,0,0,0,0
2019-04-21,14.2348671379503,390706,33053,35480,63066,4168,5953,1995,29503,25449,41259,18138,20623,40088,30279,13997,18502,38640,12016,17412,18248,15478,12793,4654,6555,7429,9278,7392,12985,6121,11355,1678,128,2981,2273,5068,704,3229,10473,3979,382,3981,1059,2900,11129,6455,0,0,0,0,8026,2744,1304,1794,4212,2142,26880,296,9189,4998,1548,29664,1503,12547,4755,12019,3185,11524,1432,9262,390,1717,303,872,10450,239,0,88,0,0,0,0,0,0,0,0,0,0,0,0,0,0,0,0,0,0,0,0,0,0,0,0,0,0,0,0,0
2019-04-28,14.8877396252379,398226,33443,33329,60366,4998,6457,1895,27627,25365,41240,16982,20897,40704,31321,15326,18978,41648,11616,18718,19560,15422,12952,4744,6271,6916,9452,7228,12963,6797,11112,1681,244,2848,2522,6318,633,2927,10755,4931,426,4483,970,2550,12249,7525,0,0,0,0,8136,2858,1352,1834,4178,2217,29343,277,9479,5199,1592,31967,1378,12846,4646,12038,3558,11131,2094,10133,521,1700,356,1424,10174,272,0,357,0,0,0,0,0,0,0,0,0,0,0,0,0,0,0,0,0,0,0,0,0,0,0,0,0,0,0,0,0
2019-05-05,13.5256404278763,407501,36125,37098,65185,5211,6586,1910,30138,27500,42119,17909,21171,40780,33268,16276,19823,42475,12696,19191,19623,16319,13260,4547,6343,7240,9969,8332,14247,6893,11504,1898,208,3146,2198,5445,562,3246,10330,3869,335,4066,1101,2950,11374,6968,0,0,0,0,8030,2613,1314,1696,4299,1930,27486,249,9339,5135,1673,30087,1425,12675,4126,11643,3175,11356,1488,9917,614,1604,258,1326,9594,196,0,320,0,0,0,0,0,0,0,0,0,0,0,0,0,0,0,0,0,0,0,0,0,0,0,0,0,0,0,0,0
2019-05-12,14.3073578618423,434243,40229,37123,66217,6178,7275,2142,31346,28431,43437,18941,23498,43275,34038,17220,21754,38599,13612,20223,21028,17644,14894,4947,7010,7988,10831,8760,14660,7527,12557,1910,240,3412,2600,6153,719,4397,11175,5314,420,4662,1165,3188,13850,8205,0,0,0,0,9317,2930,1415,1665,4777,2346,30365,293,10389,5698,1838,32414,1478,13550,4627,12528,3630,12173,1639,10789,1027,1679,270,1825,10391,304,0,333,0,0,0,0,0,0,0,0,0,0,0,0,0,0,0,0,0,0,0,0,0,0,0,0,0,0,0,0,0
2019-05-19,14.4413135225448,368688,35624,32380,56818,5686,5876,1756,27571,23404,36461,15990,20009,37206,28686,14367,18833,31102,11623,16880,16894,13408,11866,3888,5966,6571,9081,7624,12235,6087,10995,1624,177,3001,2357,4855,524,3719,9360,3862,361,3770,886,2587,11954,7124,0,0,0,0,7543,2452,1251,1622,3746,2136,26821,254,9114,5203,1580,28961,1208,11713,4077,10872,3140,10556,1539,9607,862,1417,254,1540,8239,242,0,378,0,0,0,0,0,0,0,0,0,0,0,0,0,0,0,0,0,0,0,0,0,0,0,0,0,0,0,0,0
2019-05-26,15.376708725511,490424,44587,43112,74323,8709,8452,2316,34274,28907,47987,21546,26561,48507,34876,17725,22756,38727,14612,20887,24348,20183,16603,5999,8145,9051,12441,9218,16396,7697,14800,2161,255,3546,3678,7581,663,4914,13132,5875,653,5553,1194,3235,16429,10138,0,0,0,0,10329,3602,1813,2343,5363,2856,36336,428,12016,7620,1879,41017,1663,16401,6006,15311,4593,14503,2191,12256,1647,2050,352,2468,12220,365,0,465,0,0,0,0,0,0,0,0,0,0,0,0,0,0,0,0,0,0,0,0,0,0,0,0,0,0,0,0,0
2019-06-02,15.9715432098765,437400,38713,38745,65262,9527,7608,1955,29808,26232,39463,18393,23204,42235,31411,16167,20571,35630,12013,18694,22263,18475,14749,5378,6841,7907,11402,8002,14297,6575,13002,1918,298,3300,3356,6703,543,4081,11706,5194,436,5248,1061,2802,14028,9526,0,0,0,0,9134,3013,1559,1844,4764,2563,31923,376,10849,6794,1693,38029,1389,15795,5547,13762,4280,13279,2187,12013,2162,1606,349,2550,11749,327,0,542,0,0,0,0,0,0,0,0,0,0,0,0,0,0,0,0,0,0,0,0,0,0,0,0,0,0,0,0,0
2019-06-09,15.3811088598269,542900,50472,47095,85099,9511,9665,2574,37981,34533,47348,23794,30470,54685,40831,20205,23746,45240,16278,23729,26816,21776,18361,6191,8691,9943,13079,10473,18175,8421,15786,2409,326,4226,3907,5948,801,5764,13629,4763,607,5714,1261,3846,18014,11030,0,0,0,0,11470,4288,2073,2322,6178,2667,39611,529,12885,8314,2153,45682,1855,19238,6611,16762,5238,15840,2387,14198,1928,2181,441,3193,13600,328,0,613,0,0,0,0,0,0,0,0,0,0,0,0,0,0,0,0,0,0,0,0,0,0,0,0,0,0,0,0,0
2019-06-16,15.277701227397,471730,41657,41912,72258,7963,7684,2178,33473,28744,39478,20142,25156,46431,35073,16641,17985,40173,14201,19572,23653,19927,16618,5637,7673,8761,11673,9384,14995,6874,13528,2150,323,3484,3560,5307,655,4851,11905,4193,501,4870,1067,2930,15388,9200,0,0,0,0,10894,3871,2176,2445,5804,2672,35137,407,12200,7914,1827,41662,1581,17241,6430,15135,4930,14650,2312,13132,1642,2239,390,3042,13025,390,0,483,0,0,0,0,0,0,0,0,0,0,0,0,0,0,0,0,0,0,0,0,0,0,0,0,0,0,0,0,0
2019-06-23,14.6228094915764,425472,39253,38203,64269,6950,6644,1908,31058,25754,39262,18782,22762,41698,31920,15620,17126,35683,12191,17645,19735,17132,14563,4837,7154,7550,10697,9000,14323,6434,11563,1801,139,3078,2822,5164,689,4313,9888,4371,464,4073,997,2671,13496,8036,0,0,0,0,9351,3636,1845,2218,4930,2054,30165,386,11070,7169,1823,37363,1515,15509,5974,13545,4649,13102,1896,11577,1305,2199,392,2587,12165,354,0,434,0,0,0,0,0,0,0,0,0,0,0,0,0,0,0,0,0,0,0,0,0,0,0,0,0,0,0,0,0
2019-06-30,15.1447211496678,522377,46879,46969,79065,8721,8577,2444,38578,30902,48924,22759,28928,51954,37243,19553,23151,44794,13850,21520,24703,20828,17488,6197,9115,9296,13200,10415,17884,8045,15171,2367,259,3786,3526,7346,791,5366,12138,5623,558,5869,1238,3603,17257,10339,0,0,0,0,11815,4883,2494,2844,6389,2946,36145,510,12423,8574,2149,45397,1777,17404,7022,15777,5439,15579,2296,13061,1447,2524,457,3292,13862,438,0,585,0,0,0,0,0,0,0,0,0,0,0,0,0,0,0,0,0,0,0,0,0,0,0,0,0,0,0,0,0
2019-07-07,15.9572722460091,451463,36705,41923,66077,9196,6979,2051,32912,25348,38210,18576,24113,43121,30709,16305,19332,41990,12279,17998,23156,19203,16240,6045,7936,8041,11938,8804,14814,6586,14181,2074,297,3058,3046,7169,733,3882,11638,5305,544,5304,1050,3146,15379,9963,0,0,0,0,10534,4667,2379,2429,6178,2632,31810,382,10804,8126,1770,39899,1286,14589,6218,13628,4803,13633,2183,11714,1693,2029,411,3003,11870,358,0,538,0,0,0,0,0,0,0,0,0,0,0,0,0,0,0,0,0,0,0,0,0,0,0,0,0,0,0,0,0
2019-07-14,15.0639339132364,504912,44386,45426,75309,8858,8689,1524,35812,30143,45445,21655,27877,49390,36395,19465,24018,48885,14477,20809,24928,20378,17157,6420,8878,8776,12458,9679,17329,7718,14782,2211,340,3951,3272,6741,888,3906,11919,5622,525,5446,1531,3468,15876,10246,0,0,0,0,11830,5281,2553,2653,6574,2681,34629,458,11588,7972,2053,42621,1612,16433,6532,14630,5086,14975,2453,13388,1442,2290,422,3175,12581,408,0,495,0,0,0,0,0,0,0,0,0,0,0,0,0,0,0,0,0,0,0,0,0,0,0,0,0,0,0,0,0
2019-07-21,14.4832798456252,484535,43986,44480,75570,7799,8330,2118,36188,29731,45120,21531,27628,46992,35839,19073,22514,47302,13223,19189,22438,18778,16440,5853,8203,8014,12048,9743,16500,7761,14390,2243,270,3360,2927,6102,767,3797,11203,5362,537,4915,1253,3305,14932,9306,0,0,0,0,10450,4857,2394,2627,5822,2525,32564,373,11286,8303,2108,39945,1622,14827,6215,14143,4698,14033,2033,12167,1130,2240,383,2935,11539,264,0,524,0,0,0,0,0,0,0,0,0,0,0,0,0,0,0,0,0,0,0,0,0,0,0,0,0,0,0,0,0
2019-07-28,14.6507706344293,491024,46483,44071,77670,8030,8604,2299,36321,30251,44953,21205,27974,46970,36916,19207,23882,48099,13290,19447,23296,19189,17211,6033,8526,8178,12531,9662,16884,8374,14731,2232,276,3665,3033,6512,819,3860,11257,5350,530,5556,1168,3393,15792,9303,6,15,19,5,11279,4569,2123,2545,6291,2683,31778,443,10811,7898,1967,39979,1488,14143,5960,13653,4669,14332,2024,11671,1281,2246,386,2872,11057,279,3,537,0,0,0,0,0,0,0,0,0,0,0,0,0,0,0,0,0,0,0,0,0,0,0,0,0,0,0,0,0
2019-08-04,14.767487763991,534488,49634,46753,84242,9108,9111,2486,38674,33392,47211,23704,29635,51159,40382,20005,25767,51778,15174,20897,25680,21502,18487,7050,9453,9237,13034,10069,17833,8192,16243,2582,306,4167,3264,7305,826,4099,12628,5973,483,5970,1462,3653,17106,10508,5,23,39,1,11991,5195,2419,2726,7085,2964,34758,460,11501,8757,2061,44836,1654,15531,6850,15269,5405,16050,2283,12827,1605,2377,435,3640,13009,385,8,597,0,0,0,0,0,0,0,0,0,0,0,0,0,0,0,0,0,0,0,0,0,0,0,0,0,0,0,0,0
2019-08-11,15.2753261858424,521022,46865,46127,81193,9579,9092,2582,36518,32033,47399,23528,29451,48854,38487,19584,25338,51241,15192,21955,25127,20234,17813,6628,8955,8882,12995,9984,17333,9142,16175,2398,273,4017,3115,7382,779,3870,12669,5927,589,5809,1806,3262,16903,10805,0,8,2,0,11535,4918,2324,2896,6764,2936,35093,457,11077,8402,1975,43210,1549,15413,6195,14329,4701,15381,2289,12020,1654,2143,435,3350,12161,392,0,542,0,0,0,0,0,0,0,0,0,0,0,0,0,0,0,0,0,0,0,0,0,0,0,0,0,0,0,0,0
2019-08-18,15.2133392161188,543960,50227,48501,85949,9713,9295,2704,38881,34439,50593,25769,31464,52299,40591,19918,26795,52811,16017,22217,26719,20578,18381,6328,9398,9341,13292,9699,17797,9620,16636,2518,281,4148,3408,7435,853,4190,13561,5460,582,6214,1861,3843,17578,10985,4,14,52,5,12100,5222,2662,2923,6657,3041,35627,444,11428,8698,1917,44454,1701,14723,6259,14977,4929,15628,2218,12709,1747,2092,452,3324,11998,436,19,570,0,0,0,0,0,0,0,0,0,0,0,0,0,0,0,0,0,0,0,0,0,0,0,0,0,0,0,0,0
2019-08-25,14.7194974327311,492352,46112,44546,76499,8512,8502,2227,35767,28919,46122,21684,27709,47705,35825,18143,24001,47695,13277,19585,23733,19855,16675,5960,9008,8337,11988,9196,16380,7714,15013,2334,267,3137,3036,6444,830,3629,11805,5320,516,5674,1130,3051,15909,9804,1,6,12,3,10843,4999,2410,2714,6196,2676,33103,459,10862,8280,1849,41884,1530,14291,6228,13998,4921,14576,2089,11829,1212,2188,380,3281,11462,291,2,553,0,0,0,0,0,0,0,0,0,0,0,0,0,0,0,0,0,0,0,0,0,0,0,0,0,0,0,0,0
2019-09-01,15.0553925838092,517813,48357,45950,79036,10153,8681,2542,37308,30874,46954,22147,28738,50648,38160,19657,25607,51139,14394,21288,25210,20826,18370,6169,9603,8855,13149,9854,17043,8135,15903,2523,289,3823,3417,6743,1025,3382,12956,5498,573,6123,1105,3678,16943,10854,4,4,18,0,11404,5182,2411,2772,6511,2805,34484,478,11499,8526,1890,42973,1488,14000,6300,13998,5122,15376,2158,12887,1652,2105,413,3293,11356,369,8,455,0,0,0,0,0,0,0,0,0,0,0,0,0,0,0,0,0,0,0,0,0,0,0,0,0,0,0,0,0
2019-09-08,14.9074490524536,487364,46703,43748,77023,8683,8310,2531,35632,29416,44978,21295,27118,49230,35230,17290,23563,46460,14144,20165,23687,19694,16906,5920,9235,8830,12320,9298,15588,7748,14498,2505,226,3558,2950,6179,859,2624,12158,5122,289,5631,1100,3187,15033,9787,0,0,0,0,10418,4468,2172,2535,6269,2626,32451,400,10770,7910,1768,40440,1536,13186,6003,13728,4370,14983,2048,12236,1642,1985,319,3163,10088,283,0,478,0,0,0,0,0,0,0,0,0,0,0,0,0,0,0,0,0,0,0,0,0,0,0,0,0,0,0,0,0
2019-09-15,14.4131788726143,563250,55753,49195,91800,8687,9507,2797,41028,36307,53697,24914,32714,58198,43081,20619,27973,52853,17110,23761,27324,21755,18181,6257,9658,10061,13483,11199,19054,9115,16980,2732,193,4031,3121,6618,933,3328,13793,5290,414,5357,1374,3910,18075,10768,0,0,0,0,11601,4662,2161,2561,6328,2895,37379,513,12522,9041,2037,45415,1850,15307,6451,15152,4987,16609,2072,13858,1317,2244,409,3574,11705,319,0,529,0,0,0,0,0,0,0,0,0,0,0,0,0,0,0,0,0,0,0,0,0,0,0,0,0,0,0,0,0
2019-09-22,15.0060473294605,617628,60362,51773,100768,10202,10554,2834,44666,38769,58740,27414,35858,63124,45409,22489,30072,59517,18835,26788,30878,24714,20285,7135,10486,10670,14978,11423,20158,10309,18754,3004,284,4451,3772,6679,1044,3704,15355,4956,610,6194,1692,4336,20651,11820,0,0,0,0,12836,5047,2321,2823,7040,3352,41615,485,13433,9982,2116,51000,2010,17296,6673,17011,5535,18744,2557,14654,1594,2376,520,3957,12871,392,0,496,0,0,0,0,0,0,0,0,0,0,0,0,0,0,0,0,0,0,0,0,0,0,0,0,0,0,0,0,0
2019-09-29,14.817687715887,602746,60622,49837,99068,9445,9881,2982,43545,38838,58391,26391,34583,59362,45159,21240,30211,61500,18347,29369,29699,23779,20158,6737,10517,9998,14978,11711,20265,8274,17685,2835,351,4439,3563,8391,1111,3440,14550,0,596,6657,1364,4019,19866,10650,0,0,0,0,12526,4492,2198,2480,6915,3199,39317,539,13900,10012,2325,49053,1866,16914,6618,16191,5779,17836,2368,13991,1508,2547,466,4043,13003,344,0,655,0,0,0,0,0,0,0,0,0,0,0,0,0,0,0,0,0,0,0,0,0,0,0,0,0,0,0,0,0
2019-10-06,14.1583583104651,505796,50925,42823,82689,7452,7792,2501,37260,32472,48585,21502,27788,48972,38788,18470,26014,50494,15499,21922,25176,20305,16763,5347,9337,9543,12449,9517,16740,8274,14240,2471,235,3342,2881,6683,1069,2816,10937,4861,659,5560,1115,3525,14787,8896,0,0,0,0,10662,4489,2104,2410,6291,2258,32209,399,11581,8630,2049,40944,1685,13811,5826,13680,5033,15341,1866,11758,1049,2103,438,3531,11184,343,0,437,0,0,0,0,0,0,0,0,0,0,0,0,0,0,0,0,0,0,0,0,0,0,0,0,0,0,0,0,0
2019-10-13,13.7211188587,499080,51647,42582,82719,6551,7973,2306,37387,33212,47757,21302,27991,48510,40269,18969,26657,52353,15626,22439,25088,20576,17546,4937,8645,10020,11932,9823,16668,8364,13172,2605,228,3270,2476,5962,916,2959,9599,4902,627,5471,1254,3949,13704,7926,0,0,0,0,10186,4054,2127,2359,5920,2101,30634,446,10950,7408,1947,37418,1602,12949,5362,13610,4527,14595,1713,11667,914,1940,418,3306,10460,317,0,362,0,0,0,0,0,0,0,0,0,0,0,0,0,0,0,0,0,0,0,0,0,0,0,0,0,0,0,0,0
2019-10-20,14.2074957023911,475846,48946,40116,77449,7118,7243,2096,33979,30964,45112,20077,25274,46937,37789,17826,24953,50587,15152,22217,24058,19872,15641,5263,8069,9521,11413,9314,15019,8027,12831,2331,269,3545,2645,5386,928,2781,9622,4775,598,5281,1022,3644,13173,7413,0,0,0,0,9759,4053,1851,2253,5781,1935,30419,413,10893,6934,1780,36895,1389,13328,5066,13186,4536,14075,1853,11338,993,1969,410,3437,10251,279,0,330,0,0,0,0,0,0,0,0,0,0,0,0,0,0,0,0,0,0,0,0,0,0,0,0,0,0,0,0,0
2019-10-27,13.8474437175641,470351,51132,39592,75774,6428,7528,2209,34165,31628,45103,19247,25938,46608,38064,18923,26462,47519,15024,22425,23396,19292,15094,4640,8633,9668,11462,9357,17622,8531,12306,2336,192,3346,2300,5727,1006,3040,9129,4935,590,6199,1095,3757,12793,7837,0,0,0,0,9202,3808,1814,2102,5535,2039,29349,320,10507,6299,1846,32867,1610,12347,4733,12458,4298,12990,1430,10761,778,1868,381,3007,9734,297,0,235,35,0,0,0,0,0,0,0,0,0,0,0,0,0,0,0,0,0,0,0,0,0,0,0,0,0,0,0,0
2019-11-03,13.2650401629002,400245,42739,34188,66167,4450,5456,1833,31297,27647,38835,17188,21084,39350,33756,15751,22649,37862,12789,18335,18171,14389,12762,3226,6660,7721,9471,8250,15284,6861,10527,2138,110,2829,1751,4300,800,2842,7714,3724,417,6531,894,2989,10067,5883,0,0,0,0,7374,3071,1538,1699,4669,1699,25052,251,9850,5868,1675,29977,1121,10772,4855,10816,4407,12179,1373,9250,350,1704,317,2951,9363,221,0,200,201,0,0,0,0,0,0,0,0,0,0,0,0,0,0,0,0,0,0,0,0,0,0,0,0,0,0,0,0
2019-11-10,12.7392587029984,410146,43977,34866,66308,4260,5866,1885,30784,28868,39838,16592,21678,39439,35209,16999,23462,40489,14070,20746,19569,16112,12865,3647,6666,8130,9912,8526,15242,7915,11231,2114,94,3158,1767,4511,774,2796,9090,3744,415,4986,863,2905,9654,5898,0,0,0,0,7484,3310,1570,1734,4500,1710,25426,249,9980,5560,1701,29407,1132,11718,4377,11330,4030,11724,1308,9427,264,1597,358,2880,8898,216,0,174,308,0,0,0,0,0,0,0,0,0,0,0,0,0,0,0,0,0,0,0,0,0,0,0,0,0,0,0,0
2019-11-17,12.2456199101459,337436,37090,30626,54856,3181,4425,1556,27196,23627,33922,13927,17558,32143,28323,13953,19405,34191,11757,15483,15303,14470,11746,2814,5585,6700,8084,6665,12512,6270,8869,2061,67,2503,1278,3502,753,2416,7358,2716,282,4345,673,2243,7130,4775,0,0,0,0,5971,2421,1293,1492,3683,1441,20288,182,7809,4328,919,23706,1113,9456,3635,9507,3032,9527,1133,7724,160,1391,243,2175,7114,180,0,229,380,0,0,0,0,0,0,0,0,0,0,0,0,0,0,0,0,0,0,0,0,0,0,0,0,0,0,0,0
2019-11-24,12.0096646077677,332864,35618,29647,54873,2955,4744,1564,26773,24313,33237,13972,17903,31867,29940,14470,19560,34447,12200,14391,14439,13221,10658,2826,5618,6878,7937,7017,12639,6657,9333,1857,53,2157,1373,3507,615,2498,6963,2766,284,4044,716,2251,7207,4290,0,0,0,0,5918,2359,1135,1291,3483,1614,20062,143,7416,3799,1400,22602,1084,8661,3307,9110,2950,9099,1034,7626,176,1451,251,1932,6677,176,0,370,319,0,0,0,0,0,0,0,0,0,0,0,0,0,0,0,0,0,0,0,0,0,0,0,0,0,0,0,0
2019-12-01,12.5275302117769,254702,25263,24528,40695,2529,3457,1271,20482,17317,24426,10337,13399,23279,21606,10619,14165,24910,9223,11266,11886,10861,9761,2572,4649,5381,6695,5573,9793,5038,7129,1519,40,1681,1165,3076,511,2332,5940,2869,242,2695,512,1678,5594,3439,0,0,0,0,4625,1992,978,944,2977,1098,15187,125,5732,3272,1119,17398,767,6979,2711,7162,2510,6764,782,5524,194,1019,218,1683,5256,122,0,314,282,266,0,0,0,0,0,0,0,0,0,0,0,0,0,0,0,0,0,0,0,0,0,0,0,0,0,0,0
2019-12-08,11.4952136786644,247685,27171,22334,41410,2575,3208,1275,20974,18796,24911,10205,13038,23857,23478,10459,15332,25557,9043,10757,11149,9136,7751,2038,4063,4818,5722,5441,9299,5798,6765,1372,23,1605,1016,2006,462,2362,4875,1937,228,2177,542,1693,4517,3049,0,0,0,0,4143,1788,769,986,2345,1130,14513,105,5777,2745,1166,16167,806,6055,2367,6684,2226,6416,672,5530,126,963,159,1289,5018,105,0,270,164,662,0,0,0,0,0,0,0,0,0,0,0,0,0,0,0,0,0,0,0,0,0,0,0,0,0,0,0
2019-12-15,11.4404484105615,233982,25364,20844,38639,2261,2927,1104,19517,17258,24117,10018,11775,22569,20871,9197,13395,23943,8383,9445,10756,9076,7180,2023,3792,4539,5386,4887,8277,4713,6360,1280,23,1420,936,2087,388,1949,4796,1854,212,2086,499,1464,4199,2568,0,0,0,0,3842,1610,732,825,2373,1009,14446,115,5866,3191,991,16537,771,6904,2581,6832,2321,6390,730,5691,126,1201,188,1498,5566,108,0,337,159,647,0,0,0,0,0,0,0,0,0,0,0,0,0,0,0,0,0,0,0,0,0,0,0,0,0,0,0
2019-12-22,11.063255387437,218100,23794,19458,36895,2004,2531,1018,18269,16056,22392,9398,11114,20144,19921,9062,12590,22599,8090,9740,10173,7999,6227,1668,3187,4277,4826,4421,8465,4639,5705,1157,24,1352,890,1815,382,1987,4488,1734,222,1844,394,1363,3648,2347,0,0,0,0,3424,1309,583,742,2067,923,13455,111,5321,2799,998,14574,795,6443,2491,6161,2325,6128,654,5042,115,1067,180,1475,5304,109,0,447,241,605,2,0,0,0,0,0,0,0,0,0,0,0,0,0,0,0,0,0,0,0,0,0,0,0,0,0,0
2019-12-29,13.1112796560229,183268,17224,19331,28131,1874,2120,862,14569,10723,16985,7924,8904,15674,13875,6652,9628,19576,6325,7894,10482,8508,6792,2141,3075,3822,4776,3160,7870,3346,5262,1147,56,1033,855,2527,165,1603,4538,2150,159,1744,495,1095,4249,2505,0,0,0,0,3251,1426,815,777,2165,789,11124,107,3899,2539,793,12925,582,5682,2090,5141,2082,4726,736,4018,185,946,157,1505,4522,101,0,487,310,827,2,0,0,0,0,0,0,0,0,0,0,0,0,0,0,0,0,0,0,0,0,0,0,0,0,0,0
2020-01-05,12.4135976394374,180296,16873,18614,28459,1738,2001,823,15909,11153,17236,7563,8850,15909,13872,6145,7572,16131,6529,7539,9084,8305,6362,1879,3070,3887,4412,3298,7376,3029,5301,1031,32,979,889,2167,224,1463,4333,1862,159,1701,363,1080,3789,2342,0,0,0,0,3620,1307,789,841,2146,805,11722,125,4446,2783,783,13545,601,6152,2298,5558,2260,5502,788,4372,138,1051,171,1516,4488,92,0,476,150,734,0,0,0,0,0,0,0,0,0,0,0,0,0,0,0,0,0,0,0,0,0,0,0,0,0,0,0
2020-01-12,12.1945105305825,302215,32009,27635,46931,3301,3677,1587,24108,20201,30340,12613,15875,27900,26504,12293,16424,31728,10901,12189,14177,11752,9128,2764,4703,6120,6659,5858,11822,6216,8507,1571,55,1728,1443,3050,343,2611,6673,2452,287,2807,708,1956,6424,4321,0,0,0,0,5773,2073,1077,1073,3241,1380,19211,162,7235,3914,1340,22418,882,8929,3487,8692,3172,8875,1062,7251,167,1438,206,2091,7020,191,0,735,297,683,2,0,0,0,0,0,0,0,0,0,0,0,0,0,0,0,0,0,0,0,0,0,0,0,0,0,0
2020-01-19,12.2982723437112,290104,31237,26401,45697,2952,3710,1469,22249,20221,29403,12079,15121,26736,26311,11918,16534,30903,10493,12089,13186,10404,7680,2787,4535,5766,6522,5997,11563,6280,8143,1463,79,1748,1421,2862,345,2417,6244,2328,289,2922,569,2060,6096,3985,0,0,0,0,5284,1924,933,1085,3012,1463,18630,181,6854,3778,1318,20561,982,8327,3187,8529,2934,8642,1029,7150,211,1411,208,1963,6356,185,0,620,238,0,0,0,0,0,0,0,0,0,0,0,0,0,0,0,0,0,0,0,0,0,0,0,0,0,0,0,0
2020-01-26,11.3237616215798,245341,26607,22971,39501,2143,2787,1263,20679,17193,24929,10245,12855,22334,22211,10103,13744,25457,8946,10124,10848,9226,7082,2194,3875,4632,5612,5159,9963,4870,6737,1285,29,1404,1033,2096,343,2193,5126,1654,201,2356,506,1676,4592,3303,0,0,0,0,4221,1595,761,867,2655,1140,15270,119,6197,3018,1171,17543,852,6868,2654,7123,2606,7310,783,5856,130,1300,162,1669,5771,140,0,608,206,0,0,0,0,0,0,0,0,0,0,0,0,0,0,0,0,0,0,0,0,0,0,0,0,0,0,0,0
2020-02-02,11.5380135068358,303550,33331,27299,49071,2754,3463,1538,24493,21599,30873,12580,15973,29037,27102,12473,16795,32279,11047,12311,13809,11481,9166,2527,5075,5753,6911,6266,11918,6387,8074,1572,40,1808,1227,2837,523,2713,6110,2318,255,2961,620,2039,6026,4166,0,0,0,0,5219,1838,905,1080,2844,1409,19566,175,7568,3875,1360,21028,1097,8940,3286,8406,2984,8756,980,7176,152,1511,248,1966,7126,154,0,612,240,0,0,0,0,0,0,0,0,0,0,0,0,0,0,0,0,0,0,0,0,0,0,0,0,0,0,0,0
2020-02-09,11.5139330967887,279299,30321,25580,45522,2585,3102,1284,23349,19635,27877,11462,15040,26663,24865,10953,15175,29023,9709,11299,12495,10642,8477,2476,4539,5423,6346,5545,11520,5461,7459,1416,90,1516,1228,2626,394,2140,5694,2052,220,2677,543,1914,5516,3799,0,0,0,0,5002,1867,872,1069,2870,1274,17948,155,7302,3615,1231,19488,1002,8197,3277,7773,3023,8458,931,6247,132,1346,204,1892,6706,168,0,674,223,0,0,0,0,0,0,0,0,0,0,0,0,0,0,0,0,0,0,0,0,0,0,0,0,0,0,0,0
2020-02-16,11.2691915945199,239558,25994,22337,39511,2244,2679,1176,21080,17092,24419,9785,13053,22695,21512,9590,12917,24477,8370,9616,10771,8656,6552,2111,3974,4506,5295,4972,9835,4726,6532,1167,54,1367,1011,2075,311,2197,4668,1638,189,2221,378,1592,4699,2977,0,0,0,0,4110,1632,733,900,2532,1069,14908,146,6287,3133,1125,16847,800,6511,2632,6705,2700,7444,760,5388,132,1254,203,1671,5591,128,0,567,186,0,0,0,0,0,0,0,0,0,0,0,0,0,0,0,0,0,0,0,0,0,0,0,0,0,0,0,0
2020-02-23,11.9881881580551,279042,28734,25546,45550,2661,3279,1277,23035,18735,27865,11155,14878,26682,23093,11028,14893,29547,9462,11054,13009,10963,8365,2658,4724,5350,6170,5380,11282,5463,7366,1349,53,1748,1419,3110,446,2195,6063,2304,231,2647,514,1734,5518,3735,0,0,0,0,5140,1859,984,1161,2979,1375,17861,195,7290,3885,1102,21246,893,7910,3180,7653,3047,8720,1118,6351,215,1444,211,2317,6469,138,0,811,259,0,0,0,0,0,0,0,0,0,0,0,0,0,0,0,0,0,0,0,0,0,0,0,0,0,0,0,0
2020-03-01,12.2005932443467,300045,31878,27972,47984,2830,3667,1385,24174,20745,29414,11823,16041,29022,26089,11897,16115,32446,10884,12110,13916,11530,9013,2975,5219,5975,7140,6179,11968,6355,7919,1537,69,1923,1387,2977,440,2497,6789,2439,255,2930,533,1955,6090,4108,0,0,0,0,5525,2092,975,1127,2992,1357,19173,208,7841,3994,1269,21520,1009,8021,2910,8101,2977,9292,1053,6863,193,1350,193,2036,6343,172,0,647,260,0,0,0,0,0,0,0,0,0,0,0,0,0,0,0,0,0,0,0,0,0,0,0,0,0,0,0,0
2020-03-08,12.7946438995017,325498,34236,29595,50790,3071,4144,1440,25411,22708,31790,12521,17220,31887,28810,13130,18183,35465,11930,13139,14777,12486,9163,3302,5668,6384,7550,6798,12596,6995,8865,1576,92,2087,1504,3414,459,2618,7251,2624,316,4433,686,2225,6733,4844,0,0,0,0,6012,2019,966,1166,3429,1519,21565,184,8129,4193,1341,23386,1140,8783,3369,8679,3335,9453,1099,7689,246,1502,213,2304,7024,160,0,849,323,0,0,0,0,0,0,0,0,0,0,0,0,0,0,0,0,0,0,0,0,0,0,0,0,0,0,0,0
2020-03-15,15.5548712384721,376044,34261,33282,56209,4346,4542,1734,28757,23342,33835,14467,19896,34374,29764,13563,18123,37987,13832,14819,17931,16374,13783,4373,7138,8479,9659,7523,13708,7088,10771,1996,188,2414,2665,4337,545,2702,9426,3051,483,4965,916,2309,10552,6038,0,0,0,0,8224,2845,1500,1420,4634,1668,26189,305,9494,5684,1412,29066,1197,11864,4376,10723,4873,11860,1787,9512,403,1632,358,3542,8920,310,0,1256,480,0,6,0,0,0,0,0,0,0,0,0,0,0,0,0,0,0,0,0,0,0,0,0,0,0,0,0,0
2020-03-22,18.3907534314405,201956,14486,18531,26452,2555,2012,875,15863,10404,16250,5918,8401,15621,13212,6438,7744,19233,7996,8227,10723,10457,9552,3336,5385,5323,6646,3824,7012,3450,5663,1367,186,1045,1926,3003,356,1146,6757,1611,356,2209,456,1079,7288,4128,0,0,0,0,5511,2262,1100,1181,3722,1190,13156,230,4788,3945,602,15676,727,7672,3047,6302,3436,6628,1641,5102,335,933,181,2413,6025,214,0,934,452,0,0,0,0,0,0,0,0,0,0,0,0,0,0,0,0,0,0,0,0,0,0,0,0,0,0,0,0
2020-03-29,19.6322035700991,112826,7205,10501,13941,1607,983,376,8913,5947,7954,2985,4447,8960,7402,3094,3753,10234,5147,4081,5702,6011,6393,2112,3609,3216,4532,2424,3835,1565,3046,871,143,640,1083,1558,212,518,4144,819,209,1068,206,503,4081,2349,0,0,0,0,3184,1510,750,796,2380,743,6916,154,2707,2356,252,9075,407,4113,1905,3307,2296,3600,990,2843,278,602,112,1662,3176,115,0,629,415,0,0,0,0,0,0,0,0,0,0,0,0,0,0,0,0,0,0,0,0,0,0,0,0,0,0,0,0
2020-04-05,19.6960857535688,117826,7285,10824,14852,1745,947,444,9213,5943,8745,3276,4438,9537,7757,3165,4093,11251,5914,4527,6005,6497,6560,2303,4000,3514,4940,2471,4048,1469,3127,976,145,701,1065,1864,255,415,4476,862,189,1191,182,647,3933,2314,0,0,0,0,3154,1367,775,676,2424,725,6782,187,2674,2475,204,9343,455,4267,1822,3310,2327,3661,1017,2627,270,602,132,1720,3216,98,0,836,401,0,0,0,0,0,0,0,0,0,0,0,0,0,0,0,0,0,0,0,0,0,0,0,0,0,0,0,0
2020-04-12,21.0326000868654,156564,9577,13839,18868,2474,1330,593,11386,7843,11349,4700,5779,12757,9819,4290,4812,14974,7845,5807,8168,8088,8583,3059,5726,4662,6109,3056,5302,1936,4164,1091,196,1045,1405,2749,342,434,5997,1490,375,1523,196,826,5663,2953,0,0,0,0,4788,2095,1084,1042,3302,1203,9138,278,3458,3327,316,13187,500,5345,2722,4391,3400,5220,1434,3539,496,769,203,2514,4285,179,0,1251,481,0,0,0,0,0,0,0,0,0,0,0,0,0,0,0,0,0,0,0,0,0,0,0,0,0,0,0,0
2020-04-19,20.0464126556522,139574,8741,12164,17085,1838,1198,543,10172,7298,9739,4429,5228,11076,9164,3779,4451,13354,7242,5173,7154,7078,7769,2568,4833,4052,5639,2889,4592,1765,3440,1030,192,874,1245,2291,292,440,5273,1124,293,1317,183,666,4635,2338,0,0,0,0,3835,1801,1022,869,2808,947,8630,247,3216,3151,288,12090,489,5161,2385,4021,2895,4510,1379,3401,313,698,170,2415,3913,172,0,992,429,0,0,255,0,0,0,0,0,0,0,0,0,0,0,0,0,0,0,0,0,0,0,0,0,0,0,0,0
2020-04-26,22.7366217526565,198008,11477,17188,23157,3006,1768,734,14163,9938,13759,5866,7328,16552,11924,5596,6283,19243,9330,7401,10897,10388,10590,3695,6810,5364,7132,3552,6342,2476,5113,1247,378,1384,1738,3634,486,476,6764,2368,491,1902,402,1000,7155,3373,0,0,0,0,6022,2596,1280,1243,4013,1521,12791,345,4738,4279,367,18195,637,7337,3512,6073,4030,6365,1977,5041,679,849,305,3289,5617,196,0,1305,640,0,0,900,0,0,0,0,0,0,0,0,0,0,0,0,0,0,0,0,0,0,0,0,0,0,0,0,0
2020-05-03,22.2332319988726,198682,11766,16924,23323,3312,1776,703,13903,10040,13521,5817,7382,16226,11671,5490,6800,18356,9057,7417,10962,10408,10514,3762,6829,5547,7818,3593,6254,2491,5159,1333,394,1351,1945,3572,505,598,7093,2084,478,2150,422,967,6624,4701,0,0,0,0,6358,2849,1450,1470,4140,1520,12703,283,4680,4336,406,17841,610,7391,3554,5601,4109,6264,2181,4832,537,918,279,3107,5526,276,0,1458,575,0,0,1070,0,0,0,0,0,0,0,0,0,0,0,0,0,0,0,0,0,0,0,0,0,0,0,0,0
2020-05-10,21.8637942808365,234300,13210,19168,26722,3907,2145,844,15819,11512,16153,6534,8324,17906,14503,6923,7910,21032,11314,9132,13845,12222,12105,4720,8691,6839,9296,4611,7069,2881,5661,1482,489,1499,2075,4445,497,689,8555,2675,604,2257,420,1110,6504,5943,0,0,0,0,7800,3303,1872,1822,4967,1832,15206,400,5179,5188,481,21104,802,9164,4461,6862,5452,7650,2519,5482,734,1174,345,3794,6428,297,0,1810,712,0,0,1432,0,0,58,26,0,0,0,0,0,0,0,0,0,0,0,0,0,0,0,0,0,0,0,0,0
2020-05-17,23.2591717543849,324638,17383,26484,36371,5972,2720,1032,20847,14919,21513,8947,11324,25806,18228,9635,9868,29290,14762,12174,19128,16996,16988,6708,11744,8511,12956,6044,9579,5613,7459,1781,754,2170,3219,6348,703,1135,11406,4379,796,3138,630,1571,9266,8750,0,0,0,0,11481,4578,2314,2578,7019,3144,22702,522,7442,7436,674,30544,992,12440,5756,9588,7532,11328,3781,7879,963,1449,437,5395,9151,536,0,2440,1125,0,0,2018,0,0,518,467,0,0,0,0,0,0,0,0,0,0,0,0,0,0,0,0,0,0,0,0,0
2020-05-24,21.8821749688259,304740,16873,24822,33362,5041,2573,1043,19928,14505,20474,8563,11290,23223,18201,9143,10349,27556,14637,11603,17308,15690,15517,6198,11886,8311,13124,6320,9572,6281,7329,1675,547,1986,3005,5820,641,1314,11369,3348,710,2944,529,1469,7769,7927,0,0,0,0,10468,4669,2571,2620,6702,2688,19511,634,6734,7161,641,27300,1046,10970,5128,8432,7248,9982,3205,6538,822,1491,352,4979,8147,393,0,2280,1040,0,0,2087,54,228,798,786,0,0,0,0,0,0,0,0,0,0,0,0,0,0,0,0,0,0,0,0,0
2020-05-31,24.1618957024109,429962,21789,35127,48693,7998,3804,1417,27887,18054,28198,11632,16224,33899,22217,11975,13074,38381,18523,15404,25561,22200,21516,9590,16047,10165,17277,8193,12469,8423,10174,2316,1152,2821,5085,8760,900,1723,15022,5278,1102,4065,927,1949,11710,11513,0,0,0,0,15475,6565,3519,3645,9263,4040,29975,835,10806,9431,854,41003,1327,16685,7348,12941,10082,14636,5271,9176,1348,2201,544,7138,12484,681,0,3250,1416,0,0,2698,1459,943,1143,1498,0,0,0,0,0,0,0,0,0,0,0,0,0,0,0,0,0,0,0,0,0
2020-06-07,23.644269546182,333019,19390,28565,41702,5237,3093,1360,21436,15392,22803,10945,13638,28558,19065,9786,11254,28139,16363,12572,18451,15281,15118,6693,10754,8012,12583,6898,10359,5982,8290,1731,734,2023,3272,5702,519,1753,10378,3570,718,2906,1091,1582,8003,7524,0,0,0,0,11376,4895,2679,2582,7065,2744,21128,647,8830,7068,1087,30142,1317,11523,6355,9607,7255,11153,3631,6453,821,1822,495,5187,11015,470,0,2057,1062,0,0,1683,1215,1015,835,1376,194,24,0,0,0,0,0,0,0,0,0,0,0,0,0,0,0,0,0,0,0
2020-06-14,23.5135594056116,466429,25710,38588,50820,8455,4191,1776,28622,20378,30880,13433,17336,37716,25041,12691,13250,39096,22068,16269,27530,23666,22797,10706,16033,11733,18255,9824,13684,9326,11244,2810,1103,3071,5221,8070,964,1840,15448,4670,1019,4362,1105,2241,12439,12656,0,0,0,0,16384,7013,3865,3682,9712,4437,28603,952,12326,11040,1031,46131,1471,16600,9620,12908,11506,16795,5455,8506,1151,2833,743,7846,14545,586,0,3566,1849,0,0,2599,2649,3183,1335,2087,1001,704,0,0,0,0,0,0,0,0,0,0,0,0,0,0,0,0,0,0,0
2020-06-21,22.7515364282003,483101,27829,38982,51520,8190,4448,1811,30815,21547,32766,14741,19013,40391,26530,13157,14375,40357,22121,17266,27568,23004,23417,10679,16541,11815,19405,10845,14212,9110,11436,2698,895,3205,5280,8568,966,1964,15446,4782,1038,4378,1143,2248,12595,12369,0,0,0,0,16039,6795,3958,3705,10261,4273,30559,947,12184,11596,1251,44426,1668,17502,9976,14057,12548,16659,5042,9445,1370,2587,740,8570,15493,680,0,3727,1852,0,0,2666,3891,3738,1704,2633,1082,1107,0,0,0,0,0,0,0,0,0,0,0,0,0,0,0,0,0,0,0
2020-06-28,21.4072110171798,462986,28905,39335,53628,7539,4669,2155,31465,21539,34071,16157,18731,40818,26686,12931,15161,37461,20826,17846,23584,20211,19971,9724,14666,11071,18070,10293,14206,8681,11299,2488,1341,2883,4753,6922,724,2218,13962,4033,762,4445,1277,2425,11255,12239,0,0,0,0,14607,6193,3830,3270,9305,3722,27709,950,11397,11712,1163,42156,1577,15329,8617,12549,11942,15314,4642,8632,1069,2661,557,8754,12983,526,0,3424,1912,0,0,2385,4027,3427,1687,2264,1137,1112,0,0,0,0,0,0,0,0,0,0,0,0,0,0,0,0,0,0,0
2020-07-05,21.1158202507064,458305,28529,38632,52970,8092,4586,2497,30902,20781,33294,15633,18514,39309,26813,13309,14910,37415,21300,18444,24734,20597,20321,9018,14209,11251,17575,9337,14399,8326,11036,2587,2140,2970,4711,7253,784,2149,13664,4242,882,4507,1604,2421,11110,12353,0,0,0,0,14708,6270,3576,3322,9008,3863,28051,790,10844,11322,1205,40567,1536,14897,8305,12048,11816,14979,4319,9327,1110,2403,596,8102,12160,579,0,3334,1735,0,0,2051,4082,3551,1459,2440,898,1233,6,0,0,0,0,0,0,0,0,0,0,0,0,0,0,0,0,0,0
2020-07-12,19.4459420947113,403521,26058,33966,47120,6665,3865,1630,28241,18918,29507,14274,16466,32487,24880,13399,14532,35109,19518,16888,20293,17857,17973,7484,12626,10127,15388,8229,13181,7631,9939,2382,1857,2449,3506,5927,777,2042,12433,3634,701,3876,915,2199,9485,9904,0,0,0,0,11650,5724,3265,2787,7740,3078,23244,781,9046,9298,1098,36071,1273,12392,7396,10449,10028,13038,3518,8300,966,2215,565,7005,11023,451,0,2867,1432,0,0,1771,3592,3294,1167,1983,959,1229,0,0,0,0,0,0,0,0,0,0,0,0,0,0,0,0,0,0,0
2020-07-19,19.8962134758307,532969,34672,44172,63920,10932,5031,1994,36303,24096,40180,19668,21812,45988,31278,16491,18784,46404,24295,21463,27496,24003,24842,9426,16520,13063,19037,10373,16716,10129,13258,3157,2091,3532,5217,8384,1060,2471,16144,5176,877,5520,1114,2921,13167,14065,0,0,0,0,15705,7153,4020,3691,9788,4056,31689,999,11737,11556,1361,47691,1664,16739,9004,13837,12369,17519,4660,11365,1710,2724,680,8762,14876,668,0,3592,1761,0,0,2134,4539,3950,1549,2620,1139,1386,0,0,0,0,0,0,0,0,0,0,0,0,0,0,0,0,0,0,0
2020-07-26,19.0552379267493,463504,30754,39149,57198,10004,4522,1657,32154,21771,35405,16626,19379,41350,29272,14328,17380,40818,20416,19411,23307,20405,20652,9005,14396,11067,16386,9672,14874,7794,11166,2744,1573,2833,3842,6687,802,2454,13604,3850,796,4938,894,2728,11566,11502,0,0,0,0,12649,6169,3118,3137,8617,3202,26894,771,10290,9869,1157,40241,1398,14585,8040,11687,11367,14763,3852,9482,1665,2329,551,7627,12717,519,0,3289,1528,0,0,1738,4006,3065,1338,2112,893,1206,0,0,0,0,0,0,0,0,0,0,0,0,0,0,0,0,0,0,0
2020-08-02,19.1907768285125,509868,33875,41803,63039,10798,5090,1845,36387,24093,39013,18720,21521,45665,30647,15086,18257,42818,21911,20280,25466,21693,22745,9244,15497,11769,17250,10263,16582,8604,11983,2771,1887,3048,5229,7292,890,2700,14044,4034,863,5200,1102,3009,12591,13056,0,0,0,0,14065,7404,3623,3161,9849,3924,30312,846,11827,11496,1349,45938,1537,15574,9116,13414,13008,17139,4285,10476,1908,2570,678,8998,14097,547,0,3597,1606,0,0,2058,4586,4587,1511,2167,1247,1505,57,0,0,0,0,0,0,0,0,0,0,0,0,0,0,0,0,0,0
2020-08-09,19.2438639996721,487940,31728,40614,60368,10190,4285,2063,34334,22386,36631,18295,21353,42907,28426,14155,17270,40494,21278,18865,24572,19869,23067,7859,14662,11910,15998,9894,15640,8567,11205,2760,1902,2861,4966,7001,992,2303,14704,3903,831,5162,983,2708,11732,11938,0,0,0,0,13356,6960,3672,3350,9070,3490,29191,773,11133,11946,1087,44875,1689,15646,8593,12212,11947,16403,3880,10406,1722,2661,763,8770,13369,482,0,3481,1627,0,0,2388,4543,4924,1758,2543,1262,1664,185,0,422,0,0,0,0,0,0,0,0,0,0,0,0,0,0,0,0
2020-08-16,19.2704461107611,527044,34936,44498,65265,11146,5060,1869,36431,24316,38634,18768,22299,46039,31739,15422,18059,43317,22160,19648,25622,21152,24944,9098,16320,11357,17789,9769,17605,9783,12959,3086,2042,2777,5395,7694,1157,2651,14808,4346,915,5869,1048,2904,12880,13552,0,0,0,0,13902,7195,3789,3388,9573,3879,31209,901,11974,12171,1236,48392,1995,17454,9570,12736,12937,17739,4764,11834,2381,2931,781,9442,14985,511,0,3732,1756,0,0,3864,5377,5346,1935,2446,1849,1301,428,633,608,0,0,0,0,0,0,0,0,0,0,0,0,0,0,0,0
2020-08-23,19.0349029787634,510816,34042,43523,64762,10918,4511,1750,36905,22932,36826,18199,21886,45070,30979,14976,18876,43839,21873,19640,24998,21769,22590,9358,16042,11682,17048,7226,17802,8996,12746,3281,1892,2695,5067,7646,1080,2494,15005,4363,935,5851,951,2808,12346,13345,0,0,0,0,13159,7182,3525,3151,9210,3649,29601,710,11035,11900,1285,44876,1844,15890,8926,11991,12461,16246,4166,10173,2082,2692,652,8738,13838,442,0,3546,1788,0,0,4244,5212,5024,1931,2409,1765,1497,486,1911,652,211,0,0,0,0,0,0,0,0,0,0,0,0,0,0,0
2020-08-30,18.5756174830216,527140,35317,44912,68408,10333,4996,1998,37610,25247,39280,18959,22554,46463,32544,15871,20525,45303,23096,20554,25798,22204,22260,9863,15920,12483,18089,7815,18119,9677,12217,3583,1784,2667,4829,7536,1099,2695,14756,4325,891,6221,1128,3068,11888,12731,98,0,0,0,13435,7159,3597,3406,9669,3618,30326,852,11666,11873,1250,45560,1715,16434,9113,12876,12361,16217,4163,10117,1909,2692,688,8852,14275,458,0,3629,1778,0,0,4167,4995,5313,1983,2327,1767,1521,1000,2202,727,866,0,0,0,0,0,0,0,0,0,0,0,0,0,0,0
2020-09-06,19.106681515278,555832,36683,48437,71973,12128,5814,1960,38989,25408,40884,20422,23458,47793,31170,17661,20472,46066,22697,20927,27769,24546,24728,9829,17527,13546,18665,8017,18222,9632,11732,3450,2000,2689,5453,7869,1205,2707,15927,4587,941,6896,1280,4056,13081,13872,294,46,0,0,14413,7749,3874,3644,9884,3860,32839,843,12318,12419,1378,47694,1719,18602,9361,14403,12774,16845,4884,11939,2540,2773,612,9124,14519,661,0,3696,1644,0,0,4742,5480,6003,2633,2621,1923,1819,1362,2591,629,1335,0,0,0,0,0,0,0,0,0,0,0,0,0,0,0
2020-09-13,19.3729711836649,573980,37640,48198,74207,12422,5097,2252,39473,25062,42575,20183,25151,50731,29123,18685,19625,46989,23686,22058,30934,27219,26178,10577,17580,14232,18839,8059,17510,9173,12607,3532,2202,3062,5923,8788,1301,2857,16826,5155,1021,7328,1178,4101,13806,16063,405,204,0,0,14735,7198,3978,3633,10274,4083,34362,968,13278,12721,1494,47310,1812,19787,9432,15498,13329,17094,4745,13236,2636,3010,664,8941,16124,586,0,3845,1699,0,0,4514,5623,4901,3309,2689,1869,1966,1437,2776,665,1727,103,78,0,0,0,0,0,0,0,0,0,0,0,0,0
2020-09-20,17.9038579014144,595868,41577,51544,79381,10808,4961,2364,42788,28440,46011,21832,25839,52558,33679,21180,22159,52547,27073,24919,30926,28207,25936,10529,17726,14985,20088,8691,19531,10541,13453,3971,1745,3375,4821,8390,1221,3125,17826,2224,1050,8090,1332,4189,12448,14041,534,168,0,31,14663,7164,4132,3386,10060,3372,34328,883,13025,12816,1681,47362,1768,18935,9506,14778,13135,17361,4421,11742,2054,2851,594,9428,15415,466,0,3681,1805,0,0,4289,5644,4881,3617,2624,2065,1817,1585,2228,948,1686,476,199,0,0,0,0,0,0,0,0,0,0,0,0,0
2020-09-27,18.0342201822577,597396,41598,51397,79656,10832,5457,2404,43241,27981,45358,21578,26516,52145,33514,20570,22675,52575,26800,25276,31803,28493,25901,10262,17495,15268,20120,9028,20065,11340,12386,3925,1562,3382,3984,9041,1196,3089,17566,2078,1006,7980,1198,4116,12600,13532,610,131,0,175,15003,6635,3836,3147,9908,3174,34753,829,13640,12980,1736,49101,1825,19238,9125,15338,13085,18369,4251,11193,2138,3090,712,9229,16043,550,0,3539,1698,0,0,4011,5728,4281,3814,2711,1795,1590,1935,2108,1011,1903,600,220,0,0,0,0,0,0,0,0,0,0,0,0,0
2020-10-04,17.6015396073879,571964,39285,47708,73973,10001,5293,2303,41232,27277,44476,21101,26150,50845,31562,19566,22290,51654,24975,23607,30325,26090,23788,10013,16706,14337,19005,8925,19128,10066,11259,3486,1644,3480,4724,8220,1196,3001,17046,1999,845,7349,1114,4084,11568,13157,456,284,0,206,14264,6592,3727,3139,9498,3249,32313,866,13350,12683,1651,47737,1861,18719,9200,15011,12667,17915,4074,10883,2002,2977,682,8653,15540,551,0,3503,1619,0,0,4063,5173,4223,3991,2571,1786,1631,2316,2339,986,2083,769,261,0,0,0,0,0,0,0,0,0,0,0,0,0
2020-10-11,17.4212513049784,583343,40810,48034,74092,9843,5242,2276,41650,28893,45843,20953,26655,49865,33230,20543,22958,53566,26250,24494,31247,28005,24753,10358,16398,14625,19072,9470,19204,10652,11242,3600,1532,3165,4954,8190,1064,2526,17420,2002,951,7590,1110,4078,11744,13608,475,537,0,228,14354,6577,3950,3032,9359,3256,34706,851,13084,12129,1703,48493,1623,19090,8996,15177,12696,18240,4121,12009,2156,2853,642,8451,15338,528,0,3501,1793,0,0,3905,4921,4111,4220,2968,1580,1766,2758,2414,1112,2234,792,191,0,0,0,0,0,0,0,0,0,0,0,0,0
2020-10-18,16.9723642172524,438200,30595,36271,53831,7147,3914,1559,31392,21356,34268,16087,20324,37214,24310,14991,17561,39590,20142,17862,23768,21516,19882,7193,12528,11848,14678,8284,13843,8292,8653,3027,1065,2509,3726,6350,971,2197,13443,1461,659,5507,872,2942,7877,9764,424,394,0,167,10782,4965,2894,2155,7160,2258,24818,637,10189,9375,1263,36166,1428,14202,6858,11761,9273,13941,2971,8928,1554,2135,506,6302,11726,352,0,2563,1286,0,0,3259,3666,3437,3205,2216,1371,1447,2103,1771,719,1619,697,175,0,0,0,0,0,0,0,0,0,0,0,0,0
2020-10-25,16.8962986227023,566762,39567,46137,68545,8503,5098,2346,40061,27837,43636,21192,26114,48691,31663,19927,23612,51301,24632,23173,30988,28286,25775,8921,16327,15138,18755,11301,19022,10341,10703,3812,1275,3808,4959,8145,1337,3054,17340,2137,921,7193,1108,3931,9263,13312,602,710,0,276,13751,6634,3732,2800,9056,2717,32645,832,12758,12622,1652,47199,1700,18014,8687,14666,11874,17553,3819,11052,1863,2750,636,8132,14803,464,0,3250,1522,0,0,4357,5133,4531,4483,2823,1719,1700,3166,2558,1188,2755,883,259,0,0,0,0,0,0,0,0,0,0,0,0,0
2020-11-01,15.4027484987863,375696,27527,31396,44931,4875,2871,1683,26815,18955,29143,14302,16917,32670,21859,12478,15514,33884,17122,14483,20217,18310,17835,5707,10714,10636,12936,7716,12793,6845,6963,2460,648,2720,2669,5033,859,2640,12388,2583,605,4286,621,2529,5068,7657,403,760,0,237,8949,4444,2486,1743,6151,1592,20328,466,8796,8255,1208,30065,1109,11880,6040,9415,8324,11886,2348,7336,1075,1968,444,5202,9942,273,0,2078,1075,0,0,2824,3732,2939,2967,1771,1214,1220,2484,1374,674,2135,686,228,0,0,0,0,0,0,0,0,0,0,0,0,0
2020-11-08,16.4059301446128,461439,32054,38495,55755,5232,3554,2050,32346,23167,33739,16404,20679,42638,26738,16073,18842,42626,21307,18249,25824,23288,21378,7589,12374,12018,15618,9318,15643,7762,8510,2979,1008,3584,3625,6649,1344,2593,14438,4010,710,5295,902,3037,7187,10223,431,676,0,382,11393,5395,3043,2044,7337,1971,26084,647,11239,9571,1457,38186,1367,15347,6871,12281,9356,14244,3038,9051,690,2214,464,6538,12927,336,2,2656,1114,0,0,3602,4131,3882,3145,2068,1368,1389,2508,1561,752,2238,773,253,0,0,0,0,0,0,0,0,0,0,0,0,0
2020-11-15,16.7368258383557,452970,29559,36435,55612,5538,3665,2274,30750,22664,32992,16256,19759,40974,25953,15137,19281,41769,21042,18414,25505,22510,20602,7689,12380,12187,15124,9108,14862,7485,8553,3041,1212,3363,3816,6976,1270,2417,14548,4576,813,5539,756,2689,7257,10761,461,929,0,454,11294,5278,3020,2167,7001,2197,25866,649,10649,9142,1474,37039,1378,15343,6643,11861,9172,14164,3085,9427,803,2196,416,6397,12376,403,36,2726,1247,0,0,3119,3723,3698,3247,2325,1278,1333,2983,1610,829,2184,979,224,0,0,0,0,0,0,0,0,0,0,0,0,0
2020-11-22,15.395254983797,398692,27153,34385,49200,3668,3062,1765,27831,21270,29493,14618,17136,34591,24965,14679,17335,38745,20242,17650,21662,19767,17795,6751,10769,10851,13851,8297,14133,7638,7808,2727,861,2701,2930,5532,1025,2255,12696,3375,781,4538,677,2427,5469,8343,249,725,0,369,9576,4369,2602,1663,5987,1818,22206,565,9133,7908,1287,31545,1142,12873,5486,10543,7353,12462,2243,8003,540,1802,355,5330,9562,288,110,2103,1017,0,0,2313,3466,2763,2730,1819,1118,1178,2868,1000,754,1675,861,173,0,0,0,0,0,0,0,0,0,0,0,0,0
2020-11-29,15.9778464259502,332452,21922,29423,38612,3290,2467,1565,21492,16014,22778,11478,14015,27751,18834,11502,14549,31274,15387,13862,18157,17300,16642,5768,9864,9015,11764,6781,12439,5792,6615,2439,920,1990,2590,4980,966,2274,10777,3150,537,4114,443,2134,4902,6831,223,681,0,300,8033,3801,2169,1522,5254,1533,19524,476,8106,6696,1253,26011,994,11512,4986,9213,6811,10361,2218,6570,516,1697,355,4736,8552,259,87,1938,915,0,0,2343,3198,2831,2843,1665,1106,1067,2409,1351,759,1601,841,190,0,0,0,0,0,0,0,0,0,0,0,0,0
2020-12-06,14.06954807969,298858,22090,25003,36493,2672,2018,1340,20701,15886,21823,11050,12446,25338,18651,11248,13520,28424,16264,13358,16171,14709,13846,4667,8369,8649,10504,6117,11070,5701,5652,2184,686,1915,2005,3970,722,1883,9763,2567,429,3326,460,1785,3679,5563,185,410,0,200,6951,3207,1767,1288,4607,1147,17170,337,7062,5808,1137,21606,916,9888,4282,7840,5812,8750,1769,6034,358,1387,225,4007,7633,208,90,1816,815,0,0,2380,2582,2588,2117,1341,839,906,1833,887,709,1358,614,131,0,0,0,0,0,0,0,0,0,0,0,0,0
2020-12-13,14.084900078376,322803,24163,28244,40821,2656,2437,1586,22705,17143,25099,11930,14438,28244,19577,12505,14493,31600,17882,14656,17823,16132,14477,4857,8365,9425,10630,6738,12329,5913,6314,2428,562,2222,2184,4494,684,2032,10778,2669,507,3835,510,1960,3984,5949,158,277,0,155,6908,3159,1738,1466,4839,1191,18432,339,7401,6053,1142,23571,1033,10117,4462,8368,5754,9513,1811,6510,420,1439,270,4014,7802,228,80,1766,660,0,256,1988,2596,2220,1999,1255,687,858,1255,820,835,1206,462,109,0,0,0,0,0,0,0,0,0,0,0,0,0
2020-12-20,14.7081791610544,187831,13788,16807,22832,1498,1394,930,13475,9892,14181,6705,8352,15642,11253,7008,7954,17980,10021,8264,10368,9081,8522,3129,4986,5232,6391,3963,7234,3556,3717,1343,351,1011,1177,2862,440,1294,6166,1758,245,2340,311,1131,2823,3245,67,186,0,154,4018,1821,1065,776,2840,758,11402,226,4698,3566,654,13802,600,6327,2580,5549,3577,5772,1153,3909,241,871,195,2448,4810,120,42,1029,465,0,170,1076,1466,1161,1055,774,437,417,737,491,444,716,272,71,0,0,0,0,0,0,0,0,0,0,0,0,0
2020-12-27,14.1960025549582,187870,14322,17664,23119,1353,1084,972,13767,9685,13955,7441,7845,14461,11510,6949,8713,18499,9953,8241,10469,9202,8992,3119,5209,5019,6809,3922,7707,3433,3819,1356,340,1226,1309,2678,364,1227,6280,1617,229,1948,339,1121,2709,2818,78,232,0,156,3882,1740,1130,869,2923,630,11030,202,4359,3476,801,12532,599,6659,2624,5295,3364,5441,1003,3791,236,862,161,2242,4520,139,52,1086,389,0,198,1455,1580,1309,1128,776,485,510,839,502,559,738,299,61,0,0,0,0,0,0,0,0,0,0,0,0,0
2021-01-03,15.1848995529503,215636,15284,20426,25587,1800,1426,1017,14696,11008,15298,7588,8674,15808,12008,7051,9214,22126,10081,9108,12697,11081,10411,3630,6189,5972,7336,4207,8036,3781,4444,1514,508,1309,1674,3460,518,1618,7790,2120,374,2476,453,1199,3615,4235,106,292,0,201,4485,2332,1474,1159,3366,952,13421,248,5280,4002,809,15982,722,7818,3270,6016,4347,6491,1479,4778,384,985,221,2540,5504,154,50,1298,494,0,163,1361,1701,1521,1426,936,512,552,924,693,518,964,424,69,0,0,0,0,0,0,0,0,0,0,0,0,0
2021-01-10,13.1100668745698,235366,18239,21429,27083,1831,1523,1188,16810,13018,17632,8345,10028,18060,15713,8662,10928,22887,13467,11175,12922,11702,10838,3837,6189,6806,8712,5008,8676,4393,4812,1773,347,1449,1516,3494,478,1511,8482,1872,378,2408,481,1287,3121,4080,71,353,0,156,4941,2628,1449,1219,3608,844,13362,189,5543,4168,913,16274,725,7954,3155,6251,4090,7092,1327,4826,311,1114,245,2717,5933,145,35,1324,482,0,346,1568,1997,1791,1579,1000,505,630,691,651,448,716,644,129,0,0,0,0,0,0,0,0,0,0,0,0,0
2021-01-17,13.6089584789007,283374,20858,25324,32600,2297,1944,1424,20095,15042,21507,10301,12159,22830,17993,10315,12602,26147,16049,12735,15754,14257,12758,4601,7554,8224,9872,5935,10706,5011,5804,2073,519,1858,1974,4239,648,1866,9891,2161,419,2779,603,1563,4295,5041,69,294,0,170,6445,3189,2011,1437,4340,1129,16881,260,6592,5232,969,20895,875,9890,3945,7671,4919,8538,1692,6169,398,1490,315,3607,7396,173,48,1505,510,0,650,1729,2392,2158,1654,1173,624,827,799,844,580,806,675,150,0,0,0,0,0,0,0,0,0,0,0,0,0
2021-01-24,13.7094044013433,273053,20421,24639,31729,2117,1694,1383,19425,14715,21009,10082,11785,22726,16881,9817,11673,25327,14990,12299,15322,13253,11970,4606,7452,7758,9642,5487,9920,4749,5563,2012,567,1840,2042,3577,611,1505,9643,2194,443,2572,558,1427,3789,4535,92,244,0,136,6437,3056,2059,1424,4229,1076,16252,329,6427,5126,868,20846,847,9324,4024,7687,5160,8464,1551,6099,389,1301,232,3371,6838,167,41,1473,597,0,592,1638,2204,2111,1520,1068,576,739,765,919,542,799,497,151,0,0,64,0,0,0,0,0,0,0,0,0,0
2021-01-31,12.2661157024793,212960,16194,19550,25706,1632,1292,1048,15758,12360,16960,7968,9260,17650,14633,7925,9538,19999,12526,9987,11473,10319,9040,3222,5697,5981,7617,4487,8103,4094,4410,1531,332,1239,1408,2710,464,1621,7241,1345,301,1993,403,1031,2590,3207,59,169,0,109,4996,2291,1820,1122,3070,827,12681,181,4837,3535,736,14690,569,6837,3026,5796,3665,6464,1171,4395,284,976,151,2337,5379,110,29,1043,402,0,524,1276,1535,1535,1108,715,407,545,518,532,409,555,286,98,47,16,212,0,0,0,0,0,0,0,0,0,0
2021-02-07,14.6952612369775,101651,7259,10935,12700,791,741,531,8126,5913,7900,3525,4686,8528,5940,3372,4381,9271,5531,4543,5586,4964,4548,1630,2634,2787,3340,2082,3713,1831,2059,836,214,629,722,1311,239,845,3381,850,139,1108,151,553,1576,1760,21,75,0,34,2336,1007,820,492,1482,335,5618,101,2613,1753,318,7316,323,2919,1454,2874,1718,3048,603,1854,165,374,122,1245,2671,28,21,568,157,0,228,551,799,676,422,356,215,195,206,260,158,270,122,27,20,50,122,0,0,0,0,0,0,0,0,0,0
2021-02-14,12.4960397713822,147845,10497,14609,18610,1077,1002,882,12382,8808,11941,5345,6693,12108,10789,5674,7413,14052,8855,6966,7999,6505,5988,2252,4014,4025,5315,3498,5567,2957,3069,1146,199,934,817,1811,245,1828,4857,981,171,1362,223,793,1985,2274,33,95,0,63,3132,1568,1181,845,2142,445,7393,139,3659,2480,484,9761,354,3894,1923,3433,2509,4160,709,2684,174,594,139,1631,3221,52,20,664,245,0,407,994,1243,1042,734,558,279,332,297,325,257,322,202,28,35,139,148,0,0,0,0,0,0,0,0,0,0
2021-02-21,12.8829974603384,151595,10642,14823,19011,1290,1035,891,12386,8452,12136,5589,6713,12362,10201,4898,7081,14705,8022,6334,8382,6765,6281,2488,4101,3696,4877,3631,5598,2695,3283,1136,246,939,924,1981,258,1558,4721,1120,176,1649,0,809,2163,2402,42,124,0,76,3748,1744,1214,1110,2346,499,8596,111,3835,2715,451,10662,450,4761,2172,3925,2745,4523,795,2873,236,695,205,1885,3626,75,22,786,296,0,366,844,1176,1069,735,508,318,295,351,381,253,347,244,60,48,170,212,16,0,0,0,0,0,0,0,0,0
2021-02-28,13.2623051257213,241566,16480,22490,28420,2060,1722,1403,17839,13030,18401,8979,10134,20477,15995,8194,11217,23238,13277,10006,12744,11334,10229,3820,6112,6462,7850,5713,9033,4231,5032,1587,412,1461,1637,3239,430,2323,7936,1831,408,2551,113,1238,3751,4510,93,246,0,156,5914,2876,1829,1856,3626,901,14585,271,5891,4326,735,17255,669,8496,3372,6064,4351,6979,1507,5193,751,1067,242,2891,6290,168,41,1305,500,0,703,1636,1710,1889,1274,921,461,581,713,696,468,683,457,103,146,291,340,265,0,0,0,0,0,0,0,0,0
2021-03-07,12.4548742202471,245270,17262,22910,28360,1978,1735,1228,19114,13004,17953,8745,10238,20562,16634,8152,11383,22190,13503,10068,12705,11781,10052,3690,6545,6591,8126,5784,8951,4517,5330,1710,439,1549,1547,3257,440,1976,7637,1732,393,2962,411,1248,3377,4382,79,238,0,128,5840,2837,2160,1818,3767,946,14839,220,6379,4384,838,17613,744,9181,3663,6488,4383,7148,1627,5047,803,1138,230,3014,6729,146,63,1193,614,0,681,1695,1868,1922,1311,955,482,605,741,687,500,689,389,130,310,248,400,480,0,0,0,0,0,0,0,0,0
2021-03-14,15.1801096590455,375710,24941,34962,42444,3575,2847,1872,26142,18164,26536,13769,16070,33420,22863,11100,16158,34785,18178,14079,18891,17887,15804,6226,9951,9280,11959,8722,13537,6568,8391,2380,881,2375,2861,5679,745,2166,11071,2994,611,4937,820,2076,6488,8097,152,440,0,298,9622,4840,3241,3207,5878,1864,23644,451,9389,6938,1067,29769,1179,14214,5367,10429,6760,11399,2895,8355,1851,1714,382,4800,10288,280,85,2129,784,0,974,2566,2811,3052,2428,1823,743,967,1339,1218,706,1223,799,262,973,511,705,1307,0,0,0,0,0,0,0,0,0
2021-03-21,14.1679517724848,291286,20396,26508,34541,2382,2097,1282,21307,14358,21524,10917,11999,25610,18963,9032,12860,28021,13823,11080,13553,12489,11946,4442,7802,7277,9419,7104,10553,5151,6393,1965,683,1773,2013,4065,563,1853,8442,2249,464,3528,748,1592,4166,5578,121,348,0,178,7414,3538,2557,2270,4542,1238,18572,242,7320,5323,954,22567,829,11247,4103,8391,5459,8657,2038,6636,1515,1406,286,3484,8007,194,63,1526,578,0,829,1614,2194,2280,1846,1263,547,745,966,872,494,1059,555,156,764,261,635,1213,165,0,0,0,0,0,0,0,0
2021-03-28,17.4811460793956,435188,29232,38481,49908,4257,3592,2003,30541,20523,32149,15725,17435,38388,25578,13000,18038,40836,18324,15539,17714,19177,16743,7168,12175,10228,14196,10350,15368,7627,9646,2440,1091,2403,3807,6938,790,2276,11592,3705,714,6483,1248,2474,7842,9422,222,774,0,436,11880,5517,3788,3596,6888,2421,28573,540,11283,8761,1187,34942,1364,17333,6884,12887,8645,13731,3145,9373,2438,1947,410,6169,12379,395,94,2564,1128,0,1112,2233,3394,3347,3180,2316,1059,1223,1825,1508,798,1703,1092,293,1503,581,964,2380,1000,0,0,0,0,0,0,0,0
2021-04-04,15.0942572587807,334457,23901,28747,37963,3104,2075,1320,24041,16201,24703,11799,13064,27810,22064,10051,15314,30270,15646,12814,14784,14664,13522,5371,9447,7958,10600,8134,12655,5868,7217,2124,853,1929,2376,4523,719,1972,8197,2475,453,4851,797,1757,4846,6544,150,538,0,347,8556,4008,2870,2608,5497,1765,21051,358,8873,6591,990,26040,1105,12817,5213,9917,6603,9757,2457,6907,1907,1706,340,4655,9285,213,89,2111,886,0,1024,2230,3043,3264,2428,1504,768,1046,1546,1111,644,1574,872,190,1403,424,630,2749,724,0,0,0,0,0,0,0,0
2021-04-11,16.4458716696021,517243,34668,41757,55909,5656,3778,2130,33460,22169,36638,19032,19940,44897,30438,14583,22234,44892,23300,18914,28931,26212,22342,8797,15082,12712,16046,12473,18178,9144,11139,4119,1480,3059,4390,8267,1303,2575,13723,4781,865,8697,1527,2721,9049,11520,228,913,0,578,14012,6179,4084,4551,7933,3083,32339,686,12181,10166,1539,41071,1603,20509,7684,14695,10407,15299,4276,11268,3167,2394,506,7023,14146,359,113,3055,1483,0,1320,3772,4645,5113,3989,2774,1201,1627,2213,2279,912,2356,1399,319,2134,696,1235,4349,1091,0,0,0,0,0,0,0,0
2021-04-18,14.8757226426715,378299,26207,31423,40600,3606,2582,1649,26044,16448,26488,13810,15530,31499,23755,11851,16377,32321,18186,14554,20798,18896,16701,5547,10855,9668,12199,9236,13526,6034,7856,3542,1027,2471,2992,5464,928,2176,10636,3236,583,5408,1003,1919,5661,7413,209,652,0,461,9287,4470,2928,2989,5518,1849,23350,443,9421,7461,1265,28433,993,15176,5884,10879,7904,11176,2921,8623,2207,1776,432,5202,11233,210,92,2173,1062,150,1255,2708,3526,3473,2972,2010,901,1311,1779,1561,710,1420,917,256,1494,438,672,2531,712,416,0,0,0,0,0,0,0
2021-04-25,16.4024303685046,549464,36308,45378,59562,6425,3912,2592,36991,22826,39446,19054,22674,45380,32702,16281,23189,46970,23800,20643,31408,28756,24080,8456,15398,13896,16943,13121,19099,9509,10951,5099,1505,3512,4712,8821,1350,2729,15596,5159,864,7477,1536,2876,8124,11518,237,893,0,601,14088,6488,4342,4800,8723,2888,34973,601,13955,11010,179,43297,624,22733,8184,17578,11653,16416,3825,12119,3302,2637,595,7668,16040,448,102,3120,1295,1104,1511,3870,4854,5128,4135,2717,1483,1650,2292,2254,909,2396,1148,303,2385,674,1148,3934,1130,1859,0,0,0,0,0,0,0
2021-05-02,15.6277773794224,543903,36624,44685,58848,7087,3311,2750,36888,23676,40285,19925,22646,44869,32351,15965,22410,44889,22903,20506,29736,27172,23646,8156,15482,13558,16499,13510,19141,9482,10617,5212,1306,3253,4375,8084,1384,2723,14981,4538,777,8140,1232,2853,8673,10395,340,892,0,570,13580,6531,4352,4469,8386,2880,34933,636,13848,10976,1742,42081,659,22022,8487,16597,11556,16261,4194,12041,3658,2700,654,7497,15774,371,109,3178,1504,1192,1555,3619,5131,5059,4240,2801,1535,1716,2623,2216,954,2418,1464,372,2413,659,1074,4272,1257,2210,0,0,0,0,0,0,0
2021-05-09,15.3892928319779,529365,36145,43276,56517,7728,3389,2702,35857,22636,39670,18004,22561,45894,30327,15680,22594,44094,22754,19271,28089,25343,21698,8132,14841,12536,16608,13010,18995,9010,10338,4891,1131,2922,3872,6670,1148,2938,14598,4597,786,8193,1041,2768,8335,10447,858,953,0,543,13013,6218,4032,4530,7555,2721,33524,616,13356,10832,1754,42112,589,21798,8623,15816,11153,15657,4120,11684,3955,2735,652,7442,14933,342,67,2875,1348,1173,1600,3718,4953,5172,4695,3061,1467,1880,2869,2571,917,2711,1507,418,2436,706,1090,4108,1104,2126,0,0,0,0,0,0,0
2021-05-16,16.2571674147646,628260,42863,52757,70266,9966,4289,3314,40633,25532,47223,22300,27137,55211,34261,18467,25483,50685,25813,22694,34755,30958,25864,9667,16203,15137,18508,15069,22007,10470,12364,5769,1448,3696,4999,9578,1476,2982,16837,5646,1042,8660,1409,3355,10899,13888,1670,1270,0,732,15825,7068,4372,5342,8768,3249,41300,750,15446,12231,1549,51602,671,24993,10303,18714,11714,19270,4272,14544,4644,3098,639,8529,18732,393,137,3557,1559,1647,1756,4175,5680,5820,5460,3475,1543,2128,3249,2737,1142,3219,1838,381,2903,823,1190,4622,1464,2739,0,0,0,0,0,0,0
2021-05-23,17.0453013146525,737153,49822,61798,81380,12285,5432,3968,46573,29140,58827,26990,32497,68135,39917,20846,28570,60781,28498,25506,40075,35736,29558,11419,19788,17441,21824,17093,26869,12514,14264,6819,1841,4203,6144,11160,1868,3192,19446,6919,1153,10484,1453,3989,13584,16395,2432,1872,0,895,18064,8477,4994,6016,10074,3735,47122,864,17665,15313,2259,60031,844,29233,11430,20879,15321,22357,4439,15753,5501,3816,869,10446,21422,521,979,4278,2124,2127,1939,5053,6179,6778,6092,4031,2072,2441,3969,3293,1333,3528,2164,497,3264,917,1514,5637,1712,3528,0,0,0,0,0,0,0
2021-05-30,15.9838807471791,600338,42578,49524,66836,9220,4251,3287,38743,24522,48319,21825,25688,52429,33934,17539,25790,52007,24347,21155,29664,27729,24071,9405,16543,13881,18381,14835,22116,10531,11372,5536,1260,3548,4738,8633,1217,3156,15554,5269,1008,7838,1293,3392,10737,12645,2011,1745,210,848,14303,6975,4775,5043,8376,2890,37192,750,14761,11885,2015,46206,726,24332,9281,16739,11896,17634,3581,12819,4245,3257,714,8540,16961,382,1472,3276,1730,1823,1775,4157,5461,5430,5190,3264,1754,2016,3191,2681,1025,3138,1833,480,2769,775,1248,4660,1207,2871,0,0,0,0,0,0,0
2021-06-06,16.3682595480466,584308,39844,49317,63397,8749,4133,3418,37559,22205,45443,20154,24611,51721,31401,15954,23821,51469,22698,20361,27514,28101,23709,9037,15693,13642,17223,14038,21010,9914,11816,5618,1435,3410,4841,8289,1184,2651,14703,5391,897,7793,1233,3286,10617,12918,2451,1585,878,739,14955,6247,4503,4816,8275,2884,37289,748,14590,12262,1872,47138,700,23787,9675,16775,12321,17596,3465,13152,4397,3187,664,8426,17671,399,1624,3478,1656,1831,1690,4079,5416,5764,4892,3332,1656,2052,3402,2772,1014,3253,1615,356,2643,743,1332,4430,1289,2622,0,0,0,0,0,0,0
2021-06-13,16.2868129035089,729228,50513,61349,81674,11569,5058,3878,47704,28721,59426,26887,32130,66622,40123,20652,29826,63950,27315,24772,32978,33632,28247,11060,18946,17168,20552,16985,27157,11829,15191,6212,1591,4295,5593,9861,1632,3208,16953,7395,1134,10125,1504,4152,12719,15831,3151,2233,1887,1093,18169,8162,5818,6191,10307,3577,46052,987,17735,15385,2409,59344,848,28425,11994,20641,15825,22150,4254,15429,4922,3774,916,10452,21971,478,2037,4355,2101,2274,2123,4564,6909,6462,5884,4069,2065,2564,4367,2872,1362,4093,2060,541,3133,890,1622,4947,1306,3014,1,39,87,0,0,0,0
2021-06-20,16.4787187675928,770914,54831,65974,87847,13516,5926,4244,49578,30354,60417,28585,34773,70863,39830,21400,30684,66070,27320,26086,32420,33230,28601,11427,19624,17096,21179,18105,27474,12502,17107,6391,1677,3824,6144,9936,1551,3484,17823,6283,1128,10997,1727,4450,14816,18378,2971,2362,2686,1086,19332,8434,6112,6342,10823,3844,50353,991,19505,16912,2886,65336,1000,30287,12523,22849,16796,23200,4702,17776,5602,3909,1030,11837,24085,646,2758,4444,2305,2668,2357,4622,6820,7200,5883,3844,2186,2318,4412,3226,1198,4033,2106,600,3129,973,1731,5712,1536,3399,0,180,281,2,0,0,0
2021-06-27,16.3785812210558,756411,52359,65570,84924,12387,6414,4199,49823,29399,61259,29138,33015,69963,40758,21042,30443,66135,27027,25793,30112,30840,27082,11337,19002,15610,21072,18429,27729,10957,15951,5941,1685,4140,5626,9463,1391,3527,16670,6429,1057,10447,1627,4420,13155,16992,2881,2069,2974,1016,18539,8606,6459,6225,10887,3846,49815,1118,19416,17519,2758,65003,901,29775,12898,21705,17987,23890,4787,16307,5291,3824,989,11684,23024,469,2915,5078,2375,2827,2336,4527,6514,6494,5821,3995,2023,2477,4098,3072,1300,4113,1979,639,3453,923,1579,5619,1687,3329,5,320,292,16,0,0,0
2021-07-04,15.2488683893422,616599,43975,53926,72124,8442,4927,3237,41795,24232,49248,23911,27867,57346,34708,17687,26847,52969,21878,21260,23348,23028,21216,8686,15616,12339,17036,14647,23746,10309,13027,4913,1212,3350,4105,7272,1038,2890,13960,4740,680,7929,1222,3610,9378,12610,2281,2064,2466,868,15204,7319,5778,5384,9069,3164,38905,850,15865,13948,2093,53633,803,23457,10967,17336,15412,20358,3596,11785,4044,3349,896,10022,18421,360,2415,4130,1903,1965,1963,3729,5534,5273,5189,3014,1946,2419,3238,2488,1093,3655,1668,629,2742,894,1476,3831,1229,2318,12,198,240,8,0,0,0
2021-07-11,16.9568533602038,643086,43645,55749,71432,12148,4582,2599,42974,24132,48873,23577,28895,55880,34323,17481,26625,56557,21318,22143,25859,25801,22579,9193,15781,12802,17748,15614,23661,10333,15741,4681,1710,3414,4457,8331,1198,2664,14256,5464,850,8441,1630,2119,9094,15237,2713,1778,2455,954,17275,8532,5693,5635,10122,3339,42335,895,16288,15178,2176,59228,844,24287,11434,17851,16463,21791,3934,13096,4844,3540,1013,11072,19726,431,2677,4523,2253,2177,1888,3730,5387,5737,5231,3334,2151,2470,3271,2889,1079,3582,1818,651,3164,816,1629,4503,1533,2765,14,203,151,18,0,0,0
2021-07-18,15.5657257869232,702038,50131,60789,81862,10493,5227,2697,47656,28048,57288,27707,34410,64587,39612,19921,28922,58910,24350,24353,27965,28161,24955,9513,17660,13958,18993,17387,26573,11540,16240,5336,1494,3433,4731,7980,1087,3203,15730,4832,721,8315,1641,1468,11229,15080,2801,2080,2577,925,17239,8294,5987,5853,10292,3490,42654,985,18126,16346,2222,62392,869,27251,12809,19550,17107,23207,4148,13267,4404,3737,855,11435,21781,572,2702,4834,2398,2336,2191,3772,6355,5890,5963,3605,2311,2631,3738,2367,1294,4042,2009,647,3165,927,1666,5209,1297,2745,10,277,233,8,0,0,0
2021-07-25,16.1263899454017,770354,54861,67569,89503,13607,5760,2850,50927,28456,62944,30057,36711,72107,43101,21418,31438,66578,25798,27410,30311,29727,25657,11487,18676,14630,20378,18630,30257,12343,17951,6080,1937,3892,5529,10054,1275,3395,17494,6198,907,10677,1753,3634,14007,17787,2938,2220,2797,1204,19563,8527,6515,6375,11138,4263,46691,1082,18940,17700,2466,67423,936,29501,13231,20484,17911,25764,4477,13758,5048,4153,759,12280,23490,710,2688,5214,2383,2644,2333,4184,6673,6713,6900,4170,2588,2875,4172,3358,1348,4248,2287,627,3689,1077,1794,5419,1532,3216,19,247,186,10,0,0,0
2021-08-01,16.0177920795923,721276,49254,64718,82479,12184,5072,3024,48422,30447,58253,28774,32946,66053,39706,19944,28779,62439,23501,24733,27381,27989,24347,10470,17399,14893,19589,17806,28379,12373,16072,5486,1546,3969,5094,7919,1316,3174,15373,5205,704,10439,1673,3989,13245,16648,2507,2040,2388,1050,18992,8165,6239,5990,10128,3791,44614,996,17930,16854,2318,64209,948,28111,12643,19453,17297,24623,4285,13868,4755,4112,1023,11230,22954,646,2252,4613,2095,2474,2397,3767,6692,6391,5797,3857,2333,2568,3712,2799,1386,3647,1982,565,3384,869,1567,4868,1543,3180,10,257,157,17,0,0,0
2021-08-08,15.9727085270691,741990,52628,67731,84592,12482,5228,4099,50194,33283,59671,30713,34168,67418,41721,20494,31084,65102,25274,25302,28343,28115,25157,10624,17248,16348,19582,18286,28803,13029,17080,5761,1594,3794,5158,8939,1249,3233,15792,5422,760,10107,2071,4062,13428,16952,2522,2030,2536,1017,18781,8547,6361,6030,10720,3963,45924,971,18159,16906,2409,64746,962,28210,12304,20024,17122,24720,4318,13850,5100,3987,947,11796,21800,469,2342,4715,2065,2323,2271,3617,6736,5939,6381,3611,2191,2607,3744,2626,1406,3884,2207,549,3633,941,1490,4475,1320,2916,179,215,206,14,0,0,0
2021-08-15,15.3682402865538,665006,47396,59763,74985,9606,5324,3353,45012,30419,53114,27590,31232,59223,38299,17772,27849,58176,24145,24083,25205,26039,23093,9734,16454,14755,16997,16658,26208,10133,15367,5392,1462,3686,4386,7115,1099,2852,14214,4694,665,9165,1877,3244,10812,14795,2403,1802,2110,869,17304,7872,6194,5781,9747,3576,40673,932,15778,15137,2183,58587,756,25324,11367,18101,15830,21548,3713,12864,4560,3525,578,10338,19565,410,2229,4481,1976,2087,2262,3081,6227,5454,5245,3208,1969,2365,3350,2385,1350,3234,1777,568,2882,922,1339,4250,1299,2609,124,217,230,12,0,0,0
2021-08-22,15.7942570640889,720015,49932,65146,81168,10671,6399,3734,48974,32076,57990,28515,33793,64876,39900,18099,29946,64156,23936,24059,27572,29078,24407,10574,18308,16088,18135,17915,27523,10637,17065,5830,1636,3493,5344,8157,1332,3085,15487,5021,880,9917,1389,3790,12726,15785,2689,2065,2642,1075,18822,8617,6585,6259,10835,4150,45624,904,17229,16480,2302,62212,861,27451,12444,19612,17283,24112,4184,13682,4993,3791,964,11699,21423,505,2589,4740,2252,2309,2315,3295,6399,6243,6072,3483,2062,2524,3784,2793,1340,4107,1886,623,3276,986,1427,4782,1201,2969,14,257,243,9,1,1,0
2021-08-29,14.9969086445994,598443,42949,54298,68539,7610,5120,3448,42887,27819,47485,24359,27755,53277,34373,15461,26286,53231,20915,20527,22552,23620,20821,8576,15163,13254,15142,15440,24199,8888,13406,5233,1158,3250,3928,6893,1098,2906,12371,3953,575,7901,1257,2908,9647,12294,2205,1697,2088,849,15461,6989,5700,4984,8996,3029,35066,829,14320,14203,1982,50969,671,22390,9996,16254,14573,19518,3391,11270,3724,3388,736,9729,17121,320,2109,4237,1689,1768,1908,3123,5599,5752,4360,3170,1620,2344,3062,2414,1060,3080,1622,542,2645,858,1165,3728,1143,2242,16,249,144,4,0,0,0
2021-09-05,16.1795927986205,708642,49398,62258,81597,10490,6207,5424,48720,30459,53649,29839,30656,65042,38212,18609,29883,63179,22966,23034,27821,27662,24869,10619,18967,15535,18257,18079,27297,10610,16312,5841,1489,3714,4862,8425,1595,3021,14463,4851,717,9704,1595,3396,11409,14822,2549,1875,2513,951,18930,8415,6781,6248,10661,3632,43933,897,17162,16412,2412,60802,949,27489,12299,19791,16969,23470,4524,13716,5083,3946,933,11732,21111,445,3049,4960,2324,2235,2064,3712,6455,6387,5948,4253,1850,2794,3839,2602,1191,3737,2070,622,3344,1000,1427,4640,1310,2744,47,204,252,23,0,0,0
2021-09-12,16.4020694275176,743394,52572,66558,86535,11544,7495,5658,53177,32887,59364,32771,34968,74819,40804,18266,28600,66560,23735,23673,27852,29500,26665,10326,18620,16240,17641,18234,27582,8997,17859,5799,1440,4018,5521,7991,1415,2811,15299,5033,738,11011,1634,3768,9748,18539,2329,1813,2406,887,18577,8513,6193,6401,10275,4003,47140,937,18090,16675,2377,64191,969,27767,12775,20586,18050,25040,4424,14726,5429,3973,841,12082,22160,403,2787,5298,2182,2767,2229,3238,5824,6166,5443,3756,1742,2471,3507,2639,1186,3521,1987,597,3364,1054,1430,4820,1255,2796,21,188,206,4,0,0,0
2021-09-19,15.6314901231051,796961,58474,72822,96892,10508,7145,6794,57650,37966,64789,34274,38495,82126,47079,20667,32006,69934,27374,27015,29952,31797,26783,10240,20264,17543,19253,20509,29913,10330,18193,6077,1340,4726,5351,6687,1178,3241,16443,5401,807,10983,2041,3358,11034,18355,2439,1927,2517,857,20117,8222,6380,6653,11243,4063,50308,981,19851,17212,2568,67098,1048,28581,12513,22618,17874,25802,4336,15723,4957,4276,955,12185,22438,419,3037,5264,2092,2554,2672,3131,6072,5862,5806,3799,1936,2642,3727,2657,1347,3647,1714,552,3447,1016,1416,4828,1421,2803,42,160,286,0,0,0,0
2021-09-26,15.7539726453419,771715,58618,70410,92407,9939,6716,6093,55397,38011,63305,32180,38010,80425,40501,21234,30937,68333,27099,27752,28319,29854,24988,10242,18529,17121,19384,19824,29814,8094,18160,5876,1440,4080,5293,7292,1620,3327,16044,5536,830,11219,2132,3622,12675,16905,2132,1726,2198,755,20263,8220,6192,6669,11070,4374,47499,827,19120,16139,2445,65287,1005,27106,11998,22047,16875,24967,4331,15421,4863,3985,844,11406,22935,478,2918,4760,2041,2500,3235,2722,5719,5635,5185,4032,1781,2651,3384,2484,1260,3257,1749,440,3239,958,1490,4719,1326,2774,30,136,214,7,0,0,0
2021-10-03,15.4118572900299,768776,59977,69109,90621,9980,7143,5250,55261,37850,64731,31217,37400,75338,47152,19051,29948,69234,27016,27296,29913,29069,25628,10337,18590,17254,18961,19866,29649,11105,17686,5859,1291,4264,5436,8494,1583,3347,15870,5524,812,11891,1839,3837,11774,16399,2072,1864,2025,708,20929,8054,6624,6599,11164,4091,45969,835,18932,15828,2450,63572,1091,27781,11883,20917,16824,24426,4629,14925,5157,4042,807,11668,23207,436,2389,5121,1887,2307,2586,2511,5772,5443,5425,3904,1657,2592,3272,2090,1254,3191,1603,393,3069,942,1628,5138,1317,2327,64,96,190,3,0,0,0
2021-10-10,15.1112075619933,728062,57271,64710,86476,8794,7023,5702,52516,35217,62360,29679,34225,68797,45498,18620,28491,65902,25499,25257,28794,27418,24255,10130,18501,16148,18773,18609,27957,10766,16194,5471,1063,4213,4677,7858,1670,3424,15358,4978,626,11595,1943,3299,10636,15323,1975,1543,1926,655,19313,8203,6068,6084,10701,3694,43395,840,17778,15184,2384,59675,1077,26905,11798,19661,15711,23457,4597,14347,4525,3850,764,11046,22001,436,2167,4769,1962,2269,2602,2743,5472,5497,4976,3374,1579,2296,3068,2196,1292,3046,1516,401,3014,919,1538,4504,1209,2177,10,56,144,0,0,0,0
2021-10-17,14.9189527587856,710820,53625,60818,86135,8034,6278,5721,51671,35788,62388,29168,32713,66728,44308,18108,28833,65469,24947,24264,25131,28148,23177,10368,18241,15574,18898,17872,28496,10708,15425,5605,1162,4015,4434,7238,1917,3335,15455,4892,725,11160,2012,2998,11221,14167,2236,1478,2024,567,18523,8030,6339,6016,10774,3537,42392,814,17467,14598,2328,57603,1027,27140,10859,19773,14781,23167,4344,13435,4311,3703,798,10445,20771,436,2357,4447,1850,2160,2476,2785,5685,5759,4817,3065,1644,2168,3034,2473,997,3157,1465,410,2946,873,1594,4603,1258,2250,17,85,147,0,0,0,0
2021-10-24,14.4928754836818,699065,57475,61872,83457,7933,5941,6125,51219,34628,58703,27558,32605,63788,41727,19827,27971,63347,25506,24836,26626,26873,23361,9901,18166,16233,18549,18426,28865,10760,15704,5298,1117,3992,4370,8532,1725,3273,15363,5331,665,10954,1817,2961,10623,13889,1951,1381,1594,512,19122,7652,5900,6072,10125,3381,41304,747,17408,14413,2360,53882,953,27036,10338,19167,14623,22354,4213,13718,4408,3457,737,9399,19888,414,1929,4295,1660,2018,2918,2715,5637,5054,4850,3019,1642,2223,2784,2351,1242,2785,1369,353,2557,932,1399,4486,1202,2078,5,78,129,0,0,0,0
2021-10-31,13.9477308391682,577989,48637,51076,70324,6171,4345,4960,43852,29322,48640,23035,26399,49948,33055,16981,23839,51310,21531,21112,22389,22691,19564,7370,14631,13842,15676,15309,23565,8886,12449,4655,819,3304,3396,6259,1446,2894,12536,4241,555,7814,1353,2781,8203,10409,1552,1059,1447,411,15276,6218,5262,5170,7867,2877,33791,545,14604,12267,2195,45819,786,22965,9140,16650,12039,18642,3494,11726,3380,3095,656,8322,17214,293,1642,3573,1367,1504,2615,2022,4565,3882,3796,2448,1267,1769,2077,1646,1134,2315,1087,307,2240,734,1218,3712,1042,1514,14,49,95,0,0,0,0
2021-11-07,14.1312207277227,593138,48944,52837,72233,5933,4619,5137,44611,31032,48494,20693,26820,50841,33594,17714,26648,56804,22547,22413,23964,23770,20460,7124,14436,15099,16015,16107,24233,9520,10901,4947,805,3976,3690,7241,1212,2983,12221,3965,522,8595,1454,2923,7984,10190,1614,1046,1360,411,14934,6460,4934,5269,8731,3025,35859,588,15052,12014,1235,46335,730,22805,9183,16178,12285,19630,3714,11874,3255,3122,596,8514,17525,325,1633,3619,1386,1458,2991,2078,4954,4047,3987,2414,1309,1813,2229,1695,1298,2210,1169,270,2149,828,1145,3716,1039,1820,8,38,91,0,0,0,1
2021-11-14,14.4926668969125,584882,47930,49391,68242,5643,4550,4893,42790,29623,48579,19923,25437,49630,32296,18921,26057,56556,23087,23216,22106,23991,20192,8188,15123,14534,16765,15032,21981,9553,10564,4777,867,4344,3387,6968,1258,2959,12087,4117,564,7570,1403,2893,8017,10303,1690,1130,1543,426,15244,6338,5196,5264,8722,3058,36265,618,15583,12372,1544,46209,796,22553,9074,16377,12472,19486,3594,11671,3197,3036,796,8183,17320,318,1809,3547,1436,1616,2874,2107,4689,4011,4118,2716,1224,2125,2213,1847,1281,2216,1129,251,2208,787,1142,3806,1033,2959,7,64,147,0,0,0,0
2021-11-21,13.6670922256098,524800,41820,45590,60576,4667,3859,4747,39293,27354,42075,17449,22221,42011,31893,16294,26318,49781,22086,20535,20046,21332,17340,7274,13581,13183,15421,13797,20453,8952,9551,4355,711,3456,3108,6336,1105,3236,11775,4370,511,7183,1118,2507,6215,8083,1745,1080,1250,437,13853,5820,5077,4615,7463,2588,33116,460,13969,10781,1927,38088,688,20958,7791,15014,11310,16514,3034,10715,2663,2818,629,7446,14918,194,1884,3253,1202,1442,2667,1913,4118,3787,3737,2348,1037,1732,2136,1596,1187,2248,993,246,2026,650,1109,3229,851,3417,6,118,119,0,0,0,8
2021-11-28,13.7103930267037,346694,25332,31066,36929,2751,2662,2983,25410,17336,24847,10779,13223,26421,19521,10105,17557,30157,14869,13790,14726,15928,13751,5394,9275,9654,10862,9586,14185,6114,5680,3376,522,2324,2132,4927,844,2338,8323,4274,365,3934,755,1771,4119,4973,1323,872,1010,279,9431,4193,3780,3335,5560,1828,21429,364,8566,7079,1293,23492,465,14926,5077,9879,7499,10223,2179,6437,1751,1889,367,4964,10126,185,1338,2415,833,981,1669,1690,3119,3018,2766,1711,808,1400,1733,1498,1176,1787,657,191,1553,502,788,2438,644,2820,2,53,81,0,0,0,40
2021-12-05,12.4946529624402,452026,35840,39320,51981,3324,3606,3835,34494,23831,34072,14875,17359,37591,26318,13600,21695,45939,19617,18802,18427,18217,15804,6108,11357,11543,13539,12295,18283,7716,7491,4024,578,3098,2379,4997,1108,2875,10207,3316,470,5271,908,2293,5400,6604,1491,840,943,226,11932,4820,4320,4157,6494,2351,27695,399,12087,8648,1781,32690,559,19274,6812,13542,9125,14767,2669,9308,2188,2504,544,6145,13556,180,1353,2713,994,1078,2397,1917,3380,3623,2826,1863,852,1326,1823,1568,775,1800,768,249,1769,542,956,2992,717,3186,3,44,72,0,0,0,0
2021-12-12,12.6361124174321,463558,36961,41784,53604,3595,3666,4019,34321,23327,35800,16416,18647,40745,27307,14161,22519,46458,19640,19597,18276,18622,15627,6147,11908,12066,12871,12217,18380,8182,7764,3726,602,3053,2269,5244,1116,2585,10637,3598,451,5502,1025,2355,5448,6841,1519,915,1002,292,12100,4881,4124,3644,6389,2382,29793,422,12844,9186,1711,33429,603,19446,6840,13738,8955,14188,2945,10028,2533,2519,566,6046,13625,219,1411,2905,1017,1190,1840,1790,3552,3484,2876,1960,945,1460,1620,1325,1048,1790,723,214,1710,480,940,2964,830,2929,19,56,70,0,0,0,0
2021-12-19,12.9547808429983,469823,36905,41721,54778,3891,3568,3877,32852,22786,36602,16723,18797,40332,26674,15086,20848,47032,19608,19300,18726,19987,16090,6488,11630,12118,12955,11628,20098,7780,8891,4073,417,2933,2380,5610,1189,1976,10779,4401,416,5286,1183,2321,5597,6893,1695,944,1204,338,11937,4693,4367,3993,6280,2178,30764,472,12811,9374,1759,33410,653,20521,7261,14232,9601,14765,3035,10600,2590,2568,588,6116,13800,228,1576,2883,1006,1207,2207,1788,3567,3250,3083,2210,937,1397,1858,1422,1153,1971,917,259,1943,587,961,3297,910,3118,7,28,87,0,0,0,8
2021-12-26,12.7267029879776,263757,19750,25994,29214,1790,1749,1801,18569,12211,19284,9429,10130,19756,13980,7361,12218,27304,11617,10214,11742,11560,10393,4034,6991,7358,8228,7070,10707,4704,5197,2889,289,1715,1171,3003,506,1586,6108,2430,266,2539,571,1228,2918,3499,1130,637,725,228,7432,3220,3130,2559,4514,1270,17083,259,6685,4522,1063,16476,299,12138,3649,7925,4835,7571,1825,5585,1580,1373,310,3342,7297,124,1025,1558,567,447,1221,1183,2473,2037,1996,1228,703,1028,1235,1024,534,1330,669,210,1417,392,694,2200,397,1503,500,26,55,0,0,0,0
2022-01-02,14.4421188195551,255463,17119,25263,27806,2546,1903,1753,18348,11553,18566,9337,9619,18834,11983,6916,12354,23850,10325,9524,10741,12630,10439,3629,6190,7206,7760,5943,9494,4092,5295,2906,442,1651,1301,3195,476,1514,6124,3320,362,2426,656,1262,3413,3972,995,607,728,267,6906,3261,2986,2598,4122,1093,16282,308,6268,4804,987,18475,360,11146,3750,7422,5306,7350,1806,5406,1821,1350,271,3440,7685,98,855,1608,568,605,1117,1283,2315,2437,1854,1121,670,846,1260,1002,488,1286,699,194,1380,426,641,2151,708,2869,504,47,41,2,0,0,12
2022-01-09,12.479081813636,233983,17693,23274,26778,1764,1685,1934,17427,10057,18934,7800,8149,17561,13018,6359,10072,21956,9924,8506,10121,9983,8915,3577,5238,5249,7408,6532,9111,3735,4166,2311,366,1227,987,2751,488,1157,6079,1740,258,2335,277,1126,2658,3386,792,473,468,187,6089,2835,2665,2204,3683,1283,14769,211,6382,4563,1000,17216,268,10892,3699,8178,4537,7732,1515,5430,1403,1369,272,3134,7283,170,640,1403,448,224,664,943,2036,2033,1735,892,663,723,951,815,431,1006,495,119,1147,283,547,2008,528,1795,633,8,20,0,0,0,0
2022-01-16,11.5615117182707,244490,20914,24291,30173,1849,1311,1876,18281,12883,20142,8300,8992,18648,13357,7079,12021,22304,11134,9515,10181,9686,8703,3425,5166,6133,6973,5927,9912,4164,5000,2493,192,1674,1011,2120,457,1492,5514,1811,2,2261,513,1021,2729,3163,701,416,444,116,6695,2959,2691,2011,3857,1207,15245,167,6871,4691,997,18344,316,11027,3773,6666,4689,7691,1506,5081,1170,1343,311,3078,7739,123,565,1365,465,417,1272,1077,1787,2037,1690,989,584,622,908,675,519,932,377,124,1049,301,491,1824,492,1099,558,18,24,0,0,0,0
2022-01-23,11.0454977249142,250540,19072,23902,29489,1712,1604,1869,19627,12822,20012,9032,9755,19951,13785,6999,12084,24504,11329,9928,11023,10963,8982,3392,6067,6289,7166,6655,9775,4145,4652,2167,322,1408,1137,2427,565,1565,6100,1429,134,2692,356,1071,2728,3320,543,369,439,138,6912,2922,2457,2120,3818,1252,15845,145,6648,4633,890,18194,296,11394,3746,7939,4666,7469,1596,5633,1273,1378,249,3191,8142,125,638,1495,423,383,1126,1035,1943,2076,1550,987,551,715,914,648,448,1012,443,112,945,293,482,1970,421,1505,481,35,20,0,0,0,0
2022-01-30,10.951936158145,252123,19494,24186,30370,1949,1565,2048,19996,13449,19527,8997,10578,21148,14320,7548,12516,24856,11747,9816,11058,10316,8447,3361,6427,6566,7551,6856,9696,4724,4934,2078,282,1473,827,2490,435,1551,5714,1623,199,2664,247,1179,2637,3292,544,374,449,170,6602,2884,2249,2221,3821,1313,16662,153,6596,4243,1021,17418,227,10986,3608,7134,4527,7532,1506,5784,1289,1329,249,3174,7509,116,602,1472,416,471,1215,906,1772,1969,1496,1015,463,732,814,527,500,927,370,120,1005,308,490,1696,408,1511,566,23,25,0,0,0,0
2022-02-06,12.5501658634287,31954,2516,3569,3928,198,179,261,2668,1699,2279,1033,1298,2589,1798,961,1607,3163,1359,1237,1613,1446,1203,449,932,720,971,942,1383,626,656,335,38,190,108,343,92,235,703,218,26,410,90,142,345,386,100,36,52,16,745,312,274,220,426,172,1934,24,850,543,96,2203,42,1159,387,862,565,914,175,601,135,148,31,331,819,13,66,162,41,65,154,137,297,321,210,108,65,71,92,115,62,94,29,16,112,29,48,178,47,176,70,7,7,0,0,0,0
