"","loc","zip","zcta"
"1","40.755,-73.975","10037","10037"
"2","40.703,-73.921","11237","11237"
"3","40.796,-73.942","10029","10029"
"4","40.696,-73.991","11201","11201"
"5","40.773,-73.897","11105","11105"
"6","40.697,-73.928","11221","11221"
"7","40.835,-73.904","10456","10456"
"8","40.758,-73.91","11377","11377"
"9","40.855,-73.938","10033","10033"
"10","40.655,-74.014","11232","11232"
"11","40.646,-74.009","11220","11220"
"12","40.711,-74.009","10279","10279"
"13","40.707,-74.009","10005","10005"
"14","40.753,-73.987","10018","10018"
"15","40.808,-73.964","10115","10115"
"16","40.776,-73.976","10023","10023"
"17","40.661,-73.979","11215","11215"
"18","40.679,-73.99","11231","11231"
"19","40.84,-73.939","10031","10031"
"20","40.801,-73.914","10454","10454"
"21","40.704,-73.948","11206","11206"
"22","40.83,-73.929","10452","10452"
"23","40.651,-73.978","11218","11218"
"24","40.733,-73.99","10003","10003"
"25","40.706,-73.946","11206","11206"
"26","40.755,-73.985","10036","10036"
"27","40.739,-73.98","10010","10010"
"28","40.716,-73.994","10002","10002"
"29","40.678,-73.962","11238","11238"
"30","40.778,-73.908","11105","11105"
"31","40.687,-73.966","11238","11238"
"32","40.786,-73.957","10128","10128"
"33","40.757,-73.933","11106","11106"
"34","40.715,-74.006","10007","10007"
"35","40.748,-73.985","10018","10018"
"36","40.745,-73.947","11101","11101"
"37","40.806,-73.925","10454","10454"
"38","40.82,-73.952","10031","10031"
"39","40.826,-73.938","10039","10039"
"40","40.803,-73.949","10037","10037"
"41","40.743,-73.96","11109","11109"
"42","40.701,-73.93","11206","11206"
"43","40.787,-73.977","10024","10024"
"44","40.801,-73.95","10026","10026"
"45","40.633,-74.017","11220","11220"
"46","40.795,-73.944","10029","10029"
"47","40.694,-73.946","11206","11206"
"48","40.825,-73.947","10031","10031"
"49","40.696,-73.99","11201","11201"
"50","40.73,-73.981","10009","10009"
"51","40.683,-74","11231","11231"
"52","40.767,-73.953","10021","10021"
"53","40.723,-73.986","10009","10009"
"54","40.736,-73.982","10035","10035"
"55","40.749,-73.977","10016","10016"
"56","40.706,-73.939","11206","11206"
"57","40.68,-73.965","11238","11238"
"58","40.69,-73.975","11221","11221"
"59","40.825,-73.936","10039","10039"
"60","40.743,-74.004","10019","10019"
"61","40.725,-74.002","10012","10012"
"62","40.801,-73.971","10025","10025"
"63","40.777,-73.979","10023","10023"
"64","40.759,-73.963","10022","10022"
"65","40.737,-73.978","10010","10010"
"66","40.653,-74.009","11232","11232"
"67","40.787,-73.981","10024","10024"
"68","40.802,-73.957","10026","10026"
"69","40.714,-73.99","10002","10002"
"70","40.708,-73.911","11385","11385"
"71","40.708,-73.968","11249","11211"
"72","40.693,-73.916","11221","11221"
"73","40.707,-74.007","10038","10038"
"74","40.732,-73.999","10014","10014"
"75","40.721,-73.986","10002","10002"
"76","40.698,-73.981","11201","11201"
"77","40.812,-73.92","10454","10454"
"78","40.748,-73.979","10016","10016"
"79","40.675,-73.981","11215","11215"
"80","40.726,-73.984","10009","10009"
"81","40.795,-73.964","10025","10025"
"82","40.695,-73.984","11201","11201"
"83","40.68,-73.956","11238","11238"
"84","40.754,-73.909","11377","11377"
"85","40.73,-73.991","10003","10003"
"86","40.798,-73.961","10025","10025"
"87","40.709,-73.961","11211","11211"
"88","40.796,-73.962","10025","10025"
"89","40.729,-73.978","10009","10009"
"90","40.735,-73.992","10003","10003"
"91","40.646,-74.006","11220","11220"
"92","40.677,-73.983","11215","11215"
"93","40.693,-73.94","11206","11206"
"94","40.739,-73.999","10011","10011"
"95","40.669,-73.98","11215","11215"
"96","40.687,-73.98","11217","11217"
"97","40.751,-73.941","11101","11101"
"98","40.685,-73.978","11208","11208"
"99","40.725,-73.991","10003","10003"
"100","40.727,-73.981","10009","10009"
"101","40.767,-73.979","10106","10019"
"102","40.709,-74.007","10279","10279"
"103","40.731,-73.995","10014","10014"
"104","40.683,-73.98","11217","11217"
"105","40.703,-74.013","10004","10004"
"106","40.683,-73.998","11231","11231"
"107","40.799,-73.966","10025","10025"
"108","40.776,-73.964","10075","10075"
"109","40.704,-73.928","11237","11237"
"110","40.781,-73.986","10069","10069"
"111","40.722,-74.006","10005","10005"
"112","40.712,-73.992","10002","10002"
"113","40.758,-73.98","10036","10036"
"114","40.702,-73.924","11237","11237"
"115","40.664,-73.96","11225","11225"
"116","40.659,-73.989","11215","11215"
"117","40.795,-73.936","10029","10029"
"118","40.79,-73.973","10040","10040"
"119","40.744,-73.983","10016","10016"
"120","40.735,-74.005","10014","10014"
"121","40.679,-73.941","11213","11213"
"122","40.75,-73.969","10017","10017"
"123","40.704,-74.007","10005","10005"
"124","40.685,-73.959","11238","11238"
"125","40.803,-73.943","10037","10037"
"126","40.792,-73.952","10029","10029"
"127","40.79,-73.978","10024","10024"
"128","40.674,-73.967","11238","11238"
"129","40.725,-73.978","10009","10009"
"130","40.799,-73.956","10026","10026"
"131","40.708,-74.017","10280","10280"
"132","40.702,-73.944","11222","11222"
"133","40.714,-73.981","10002","10002"
"134","40.684,-73.989","11217","11217"
"135","40.797,-73.964","10025","10025"
"136","40.669,-73.955","11225","11225"
"137","40.729,-73.998","10014","10014"
"138","40.744,-73.98","10016","10016"
"139","40.809,-73.948","10027","10027"
"140","40.737,-74.006","10014","10014"
"141","40.775,-73.983","10023","10023"
"142","40.78,-73.981","10024","10024"
"143","40.775,-73.985","10023","10023"
"144","40.675,-73.971","11215","11215"
"145","40.713,-73.963","11249","11211"
"146","40.782,-73.946","10128","10128"
"147","40.827,-73.918","10451","10451"
"148","40.778,-73.954","10028","10028"
"149","40.715,-74.002","10278","10278"
"150","40.757,-73.978","10017","10017"
"151","40.695,-73.932","11221","11221"
"152","40.805,-73.94","10035","10035"
"153","40.705,-73.93","11237","11237"
"154","40.677,-74.013","11231","11231"
"155","40.729,-73.994","10014","10014"
"156","40.725,-73.982","10009","10009"
"157","40.716,-73.987","10002","10002"
"158","40.732,-74","10014","10014"
"159","40.695,-73.912","11221","11221"
"160","40.703,-74.008","10041","10004"
"161","40.722,-74.002","10013","10013"
"162","40.718,-73.976","10002","10002"
"163","40.688,-73.951","11235","11235"
"164","40.694,-73.992","11201","11201"
"165","40.797,-73.931","10035","10035"
"166","40.802,-73.968","10025","10025"
"167","40.785,-73.973","10024","10024"
"168","40.679,-73.996","11231","11231"
"169","40.716,-73.983","10002","10002"
"170","40.686,-73.988","11217","11217"
"171","40.801,-73.942","10035","10035"
"172","40.703,-73.933","11206","11206"
"173","40.723,-73.995","10012","10012"
"174","40.75,-73.988","10001","10001"
"175","40.744,-73.991","10010","10010"
"176","40.726,-73.99","10003","10003"
"177","40.694,-73.962","11205","11205"
"178","40.781,-73.95","10128","10128"
"179","40.645,-74.022","11220","11220"
"180","40.812,-73.938","10037","10037"
"181","40.738,-73.988","10003","10003"
"182","40.658,-73.99","11215","11215"
"183","40.799,-73.952","10037","10037"
"184","40.69,-73.924","11221","11221"
"185","40.696,-73.974","11205","11205"
"186","40.758,-73.908","11377","11377"
"187","40.724,-74.005","10013","10013"
"188","40.765,-73.962","10021","10021"
"189","40.736,-73.985","10003","10003"
"190","40.816,-73.908","10455","10455"
"191","40.698,-73.974","11205","11205"
"192","40.65,-74.005","11232","11232"
"193","40.842,-73.935","10032","10032"
"194","40.697,-73.938","11206","11206"
"195","40.661,-73.983","11215","11215"
"196","40.746,-73.989","10001","10001"
"197","40.755,-73.934","11101","11101"
"198","40.734,-73.987","10003","10003"
"199","40.737,-73.99","10003","10003"
"200","40.684,-73.95","11216","11216"
"201","40.683,-73.966","11238","11238"
"202","40.778,-73.9","11105","11105"
"203","40.684,-73.969","11238","11238"
"204","40.749,-73.988","10019","10019"
"205","40.681,-73.935","11233","11233"
"206","40.705,-73.95","11206","11206"
"207","40.756,-73.924","11106","11106"
"208","40.752,-73.982","10018","10018"
"209","40.742,-73.997","10011","10011"
"210","40.777,-73.923","11102","11102"
"211","40.75,-74.003","10001","10001"
"212","40.776,-73.91","11105","11105"
"213","40.768,-73.968","10065","10065"
"214","40.695,-73.907","11237","11237"
"215","40.774,-73.931","11102","11102"
"216","40.732,-73.955","11222","11222"
"217","40.719,-74.002","10013","10013"
"218","40.769,-73.955","10021","10021"
"219","40.821,-73.939","10030","10030"
"220","40.765,-73.958","10021","10021"
"221","40.735,-73.991","10003","10003"
"222","40.692,-73.981","11201","11201"
"223","40.666,-73.985","11215","11215"
"224","40.702,-73.928","11237","11237"
"225","40.81,-73.957","10027","10027"
"226","40.785,-73.977","10024","10024"
"227","40.768,-73.966","10065","10065"
"228","40.755,-73.995","10018","10018"
"229","40.772,-73.983","10023","10023"
"230","40.7,-73.99","11201","11201"
"231","40.689,-73.989","11201","11201"
"232","40.769,-73.958","10021","10021"
"233","40.814,-73.953","10027","10027"
"234","40.72,-73.962","11249","11211"
"235","40.8,-73.962","10025","10025"
"236","40.779,-73.974","10024","10024"
"237","40.64,-74.009","11220","11220"
"238","40.759,-73.968","10022","10022"
"239","40.752,-73.968","10017","10017"
"240","40.752,-73.93","11101","11101"
"241","40.788,-73.952","10129","10018"
"242","40.695,-73.903","11385","11385"
"243","40.646,-74.023","11220","11220"
"244","40.801,-73.94","10035","10035"
"245","40.719,-74","10013","10013"
"246","40.685,-73.986","11217","11217"
"247","40.691,-73.992","11217","11217"
"248","40.677,-73.978","11217","11217"
"249","40.777,-73.902","11105","11105"
"250","40.694,-73.925","11221","11221"
"251","40.74,-73.995","10011","10011"
"252","40.685,-73.963","11238","11238"
"253","40.762,-73.988","10019","10019"
"254","40.738,-73.977","10010","10010"
"255","40.728,-73.986","10003","10003"
"256","40.776,-73.957","10028","10028"
"257","40.678,-73.994","11231","11231"
"258","40.793,-73.924","10454","10454"
"259","40.79,-73.95","10029","10029"
"260","40.769,-73.961","10021","10021"
"261","40.653,-74.014","11232","11232"
"262","40.773,-73.978","10023","10023"
"263","40.763,-73.972","10022","10022"
"264","40.757,-73.983","10019","10019"
"265","40.687,-73.977","11217","11217"
"266","40.78,-73.912","11370","11370"
"267","40.762,-73.983","10019","10019"
"268","40.712,-73.944","11211","11211"
"269","40.769,-73.982","10023","10023"
"270","40.745,-73.995","10001","10001"
"271","40.758,-73.966","10022","10022"
"272","40.743,-73.989","10010","10010"
"273","40.71,-73.965","11249","11211"
"274","40.85,-73.938","10033","10033"
"275","40.677,-73.966","11238","11238"
"276","40.763,-73.978","10019","10019"
"277","40.733,-73.976","10009","10009"
"278","40.688,-73.973","11217","11217"
"279","40.722,-73.991","10002","10002"
"280","40.725,-73.996","10012","10012"
"281","40.751,-73.995","10001","10001"
"282","40.685,-73.974","11217","11217"
"283","40.778,-73.961","10028","10028"
"284","40.826,-73.916","10451","10451"
"285","40.751,-73.971","10017","10017"
"286","40.713,-74.01","10013","10013"
"287","40.783,-73.971","10024","10024"
"288","40.678,-73.956","11238","11238"
"289","40.723,-73.952","11249","11211"
"290","40.715,-73.96","11211","11211"
"291","40.749,-73.992","10001","10001"
"292","40.753,-73.975","10170","10170"
"293","40.779,-73.978","10023","10023"
"294","40.845,-73.94","10032","10032"
"295","40.747,-73.95","11101","11101"
"296","40.692,-73.937","11221","11221"
"297","40.781,-73.956","10128","10128"
"298","40.702,-73.983","11201","11201"
"299","40.713,-73.939","11211","11211"
"300","40.767,-73.994","10019","10019"
"301","40.777,-73.983","10040","10040"
"302","40.781,-73.952","10128","10128"
"303","40.732,-73.982","10009","10009"
"304","40.76,-73.995","10036","10036"
"305","40.744,-73.971","10017","10017"
"306","40.673,-73.971","11217","11217"
"307","40.674,-73.963","11238","11238"
"308","40.644,-73.984","11218","11218"
"309","40.746,-74.005","10011","10011"
"310","40.832,-73.95","10031","10031"
"311","40.711,-73.987","10002","10002"
"312","40.719,-74.009","10014","10014"
"313","40.716,-74.009","10012","10012"
"314","40.839,-73.937","10032","10032"
"315","40.728,-74","10012","10012"
"316","40.722,-73.95","11222","11222"
"317","40.729,-74.009","10013","10013"
"318","40.709,-74.013","10006","10006"
"319","40.742,-74.008","10011","10011"
"320","40.833,-73.885","10460","10460"
"321","40.719,-73.945","11222","11222"
"322","40.713,-74.009","10007","10007"
"323","40.695,-73.928","11221","11221"
"324","40.843,-73.905","10457","10457"
"325","40.644,-73.977","11218","11218"
"326","40.755,-73.98","10036","10036"
"327","40.743,-73.985","10016","10016"
"328","40.761,-73.961","10155","10022"
"329","40.689,-73.942","11221","11221"
"330","40.673,-73.954","11216","11216"
"331","40.676,-73.956","11216","11216"
"332","40.774,-73.915","11102","11102"
"333","40.834,-73.918","10456","10456"
"334","40.844,-73.934","10033","10033"
"335","40.863,-73.927","10040","10040"
"336","40.857,-73.927","10040","10040"
"337","40.732,-74.009","10014","10014"
"338","40.703,-73.941","11206","11206"
"339","40.719,-73.982","10002","10002"
"340","40.697,-73.936","11206","11206"
"341","40.769,-73.935","11369","11369"
"342","40.685,-73.999","11231","11231"
"343","40.868,-73.92","10034","10034"
"344","40.759,-73.994","10036","10036"
"345","40.674,-74.002","11231","11231"
"346","40.655,-74.003","11232","11232"
"347","40.76,-73.936","11106","11106"
"348","40.675,-74.01","11231","11231"
"349","40.673,-74.009","11231","11231"
"350","40.763,-73.934","11106","11106"
"351","40.752,-73.994","10001","10001"
"352","40.743,-74","10011","10011"
"353","40.672,-73.963","11238","11238"
"354","40.698,-73.985","11201","11201"
"355","40.764,-73.965","10021","10021"
"356","40.818,-73.957","10027","10027"
"357","40.797,-73.935","10035","10035"
"358","40.857,-73.936","10040","10040"
"359","40.833,-73.929","10452","10452"
"360","40.831,-73.947","10031","10031"
"361","40.699,-73.915","11237","11237"
"362","40.681,-74.009","11231","11231"
"363","40.761,-73.941","11106","11106"
"364","40.699,-73.913","11237","11237"
"365","40.755,-73.912","11377","11377"
"366","40.717,-73.959","11249","11211"
"367","40.8,-73.911","10454","10454"
"368","40.836,-73.914","10456","10456"
"369","40.748,-73.946","11101","11101"
"370","40.744,-73.956","11101","11101"
"371","40.77,-73.918","11102","11102"
"372","40.7,-73.971","11251","11211"
"373","40.821,-73.948","10031","10031"
"374","40.775,-73.954","10028","10028"
"375","40.726,-73.956","11222","11222"
"376","40.71,-73.908","11385","11385"
"377","40.717,-73.98","10002","10002"
"378","40.679,-74.008","11231","11231"
"379","40.68,-73.948","11216","11216"
"380","40.837,-73.89","10460","10460"
"381","40.836,-73.918","10452","10452"
"382","40.804,-73.951","10026","10026"
"383","40.765,-73.918","11103","11103"
"384","40.852,-73.942","10033","10033"
"385","40.764,-73.916","11101","11101"
"386","40.772,-73.99","10023","10023"
"387","40.715,-74.013","10282","10282"
"388","40.861,-73.926","10040","10040"
"389","40.706,-73.934","11206","11206"
"390","40.752,-73.94","11101","11101"
"391","40.733,-73.996","10011","10011"
"392","40.643,-74.017","11220","11220"
"393","40.773,-73.911","11105","11105"
"394","40.767,-73.937","11106","11106"
"395","40.77,-73.912","11105","11105"
"396","40.827,-73.95","10031","10031"
"397","40.703,-73.994","11201","11201"
"398","40.712,-73.919","11385","11385"
"399","40.834,-73.94","10032","10032"
"400","40.767,-73.991","10019","10019"
"401","40.687,-73.913","11207","11207"
"402","40.711,-73.997","10038","10038"
"403","40.775,-73.924","11106","11106"
"404","40.71,-73.911","11385","11385"
"405","40.669,-73.962","11225","11225"
"406","40.682,-73.954","11216","11216"
"407","40.721,-73.955","11211","11211"
"408","40.767,-73.917","11103","11103"
"409","40.839,-73.941","10032","10032"
"410","40.717,-73.945","11211","11211"
"411","40.727,-73.977","10009","10009"
"412","40.709,-73.922","11237","11237"
"413","40.766,-73.927","11102","11102"
"414","40.659,-73.98","11215","11215"
"415","40.747,-73.955","11101","11101"
"416","40.803,-73.938","10035","10035"
"417","40.653,-74.002","11232","11232"
"418","40.7,-73.947","11206","11206"
"419","40.753,-73.943","11101","11101"
"420","40.736,-73.959","11222","11222"
"421","40.722,-73.984","10009","10009"
"422","40.706,-73.902","11385","11385"
"423","40.754,-73.959","11109","11109"
"424","40.813,-73.949","10027","10027"
"425","40.788,-73.947","10029","10029"
"426","40.757,-73.905","11377","11377"
"427","40.745,-73.935","11101","11101"
"428","40.673,-73.984","11215","11215"
"429","40.731,-74.009","10014","10014"
"430","40.751,-74.005","10001","10001"
"431","40.771,-73.925","11102","11102"
"432","40.716,-73.952","11211","11211"
"433","40.792,-73.968","10025","10025"
"434","40.711,-74.015","10281","10282"
"435","40.722,-73.989","10002","10002"
"436","40.695,-73.996","11201","11201"
"437","40.763,-73.921","11106","11106"
"438","40.643,-74.012","11220","11220"
"439","40.737,-73.992","10003","10003"
"440","40.722,-73.939","11222","11222"
"441","40.726,-73.986","10009","10009"
"442","40.709,-73.964","11211","11211"
"443","40.693,-73.972","11205","11205"
"444","40.723,-73.98","10009","10009"
"445","40.719,-73.996","10013","10013"
"446","40.724,-74.01","10013","10013"
"447","40.67,-73.982","11215","11215"
"448","40.691,-73.945","11221","11221"
"449","40.75,-73.971","10017","10017"
"450","40.752,-73.98","10017","10017"
"451","40.755,-73.968","10022","10022"
"452","40.741,-73.975","10016","10016"
"453","40.788,-73.954","10029","10029"
"454","40.701,-73.914","11237","11237"
"455","40.714,-73.952","11211","11211"
"456","40.698,-73.931","11221","11221"
"457","40.811,-73.952","10027","10027"
"458","40.679,-73.959","11238","11238"
"459","40.814,-73.936","10037","10037"
"460","40.704,-74.012","10004","10004"
"461","40.709,-74.009","10038","10038"
"462","40.753,-74.002","10199","10199"
"463","40.714,-73.997","10002","10002"
"464","40.717,-74.01","10013","10013"
"465","40.693,-73.954","11205","11205"
"466","40.752,-73.915","11101","11101"
"467","40.695,-73.993","11201","11201"
"468","40.771,-73.934","11102","11102"
"469","40.698,-73.993","11201","11201"
"470","40.795,-73.933","10029","10029"
"471","40.685,-73.983","11217","11217"
"472","40.774,-73.908","11105","11105"
"473","40.697,-73.916","11221","11221"
"474","40.839,-73.886","10460","10460"
"475","40.77,-73.961","10021","10021"
"476","40.763,-73.929","11106","11106"
"477","40.699,-73.941","11206","11206"
"478","40.763,-73.997","10036","10036"
"479","40.676,-73.999","11231","11231"
"480","40.771,-73.958","10021","10021"
"481","40.785,-73.951","10128","10128"
"482","40.828,-73.887","10459","10459"
"483","40.802,-73.91","10454","10454"
"484","40.682,-73.959","11238","11238"
"485","40.78,-73.977","10023","10023"
"486","40.833,-73.946","10032","10032"
"487","40.776,-73.951","10028","10028"
"488","40.695,-73.95","11206","11206"
"489","40.782,-73.949","10128","10128"
"490","40.822,-73.889","10459","10459"
"491","40.685,-73.991","11201","11201"
"492","40.712,-73.941","11211","11211"
"493","40.771,-73.954","10021","10021"
"494","40.732,-73.985","10035","10035"
"495","40.751,-73.938","11101","11101"
"496","40.82,-73.959","10027","10027"
"497","40.775,-73.944","10162","10162"
"498","40.692,-73.986","11201","11201"
"499","40.833,-73.897","10456","10456"
"500","40.804,-73.912","10454","10454"
"501","40.778,-73.946","10128","10128"
"502","40.771,-73.99","10019","10019"
"503","40.818,-73.96","10027","10027"
"504","40.761,-73.98","10019","10019"
"505","40.663,-73.957","11225","11225"
"506","40.768,-73.989","10019","10019"
"507","40.681,-73.971","11238","11238"
"508","40.785,-73.97","10024","10024"
"509","40.763,-73.993","10019","10019"
"510","40.675,-73.975","11217","11217"
"511","40.784,-73.982","10024","10024"
"512","40.676,-73.953","11216","11216"
"513","40.72,-74.01","10013","10013"
"514","40.75,-73.983","10035","10035"
"515","40.671,-73.975","11215","11215"
"516","40.753,-73.973","10017","10017"
"517","40.784,-73.947","10128","10128"
"518","40.754,-73.92","11101","11101"
"519","40.64,-74.026","11220","11220"
"520","40.732,-73.96","11222","11222"
"521","40.818,-73.93","10451","10451"
"522","40.813,-73.942","10030","10030"
"523","40.743,-73.987","10010","10010"
"524","40.718,-73.955","11211","11211"
"525","40.723,-73.943","11222","11222"
"526","40.82,-73.929","10451","10451"
"527","40.808,-73.945","10027","10027"
"528","40.739,-74.005","10014","10014"
"529","40.712,-73.951","11211","11211"
"530","40.656,-74.007","11232","11232"
"531","40.82,-73.937","10030","10030"
"532","40.715,-74.017","10282","10282"
"533","40.757,-73.954","10155","10022"
"534","40.814,-73.945","10027","10027"
"535","40.725,-73.988","10003","10003"
"536","40.727,-73.953","11222","11222"
"537","40.7,-73.928","11221","11221"
"538","40.752,-73.978","10016","10016"
"539","40.823,-73.925","10451","10451"
"540","40.765,-73.924","11102","11102"
"541","40.761,-73.917","11103","11103"
"542","40.715,-73.939","11211","11211"
"543","40.666,-73.982","11215","11215"
"544","40.689,-73.905","11207","11207"
"545","40.666,-73.992","11215","11215"
"546","40.683,-73.938","11216","11216"
"547","40.727,-73.994","10012","10012"
"548","40.688,-74.002","11231","11231"
"549","40.743,-74.007","10011","10011"
"550","40.714,-73.933","11211","11211"
"551","40.66,-73.999","11232","11232"
"552","40.773,-73.916","11102","11102"
"553","40.646,-73.981","11218","11218"
"554","40.755,-73.997","10199","10199"
"555","40.807,-73.908","10454","10454"
"556","40.741,-73.937","11101","11101"
"557","40.66,-73.991","11215","11215"
"558","40.821,-73.936","10039","10039"
"559","40.732,-73.961","11222","11222"
"560","40.657,-73.984","11215","11215"
"561","40.776,-73.915","11105","11105"
"562","40.753,-73.928","11101","11101"
"563","40.704,-73.907","11385","11385"
"564","40.754,-73.938","11101","11101"
"565","40.757,-73.93","11106","11106"
"566","40.829,-73.911","10451","10451"
"567","40.827,-73.929","10451","10451"
"568","40.811,-73.915","10454","10454"
"569","40.822,-73.897","10459","10459"
"570","40.679,-73.904","11207","11207"
"571","40.86,-73.928","10040","10040"
"572","40.76,-73.922","11106","11106"
"573","40.755,-73.917","11103","11103"
"574","40.812,-73.917","10454","10454"
"575","40.76,-73.932","11106","11106"
"576","40.816,-73.912","10455","10455"
"577","40.827,-73.923","10451","10451"
"578","40.818,-73.955","10027","10027"
"579","40.763,-73.909","11103","11103"
"580","40.786,-73.915","11105","11105"
"581","40.827,-73.907","10456","10456"
"582","40.67,-73.978","11215","11215"
"583","40.735,-73.988","10003","10003"
"584","40.758,-73.917","11103","11103"
"585","40.83,-73.931","10452","10452"
"586","40.77,-73.929","11102","11102"
"587","40.66,-73.995","11232","11232"
"588","40.869,-73.915","10034","10034"
"589","40.834,-73.909","10456","10456"
"590","40.698,-73.97","11205","11205"
"591","40.821,-73.945","10030","10030"
"592","40.73,-73.984","10003","10003"
"593","40.774,-73.962","10021","10021"
"594","40.729,-73.958","11222","11222"
"595","40.757,-73.972","10037","10037"
"596","40.713,-73.985","10002","10002"
"597","40.732,-73.989","10003","10003"
"598","40.686,-73.945","11216","11216"
"599","40.808,-73.939","10035","10035"
"600","40.735,-73.994","10003","10003"
"601","40.76,-73.914","11103","11103"
"602","40.695,-73.958","11205","11205"
"603","40.741,-73.983","10010","10010"
"604","40.747,-73.943","11101","11101"
"605","40.715,-74.011","10014","10014"
"606","40.759,-73.919","11103","11103"
"607","40.762,-73.926","11106","11106"
"608","40.69,-73.915","11221","11221"
"609","40.665,-73.976","11215","11215"
"610","40.768,-73.932","11106","11106"
"611","40.838,-73.91","10456","10456"
"612","40.831,-73.941","10032","10032"
"613","40.828,-73.943","10031","10031"
"614","40.719,-73.939","11222","11222"
"615","40.708,-74.003","10038","10038"
"616","40.679,-73.905","11233","11233"
"617","40.731,-73.974","10010","10010"
"618","40.793,-73.943","10029","10029"
"619","40.81,-73.94","10037","10037"
"620","40.872,-73.913","10034","10034"
"621","40.82,-73.897","10459","10459"
"622","40.647,-74.004","11220","11220"
"623","40.848,-73.936","10033","10033"
"624","40.775,-73.934","11102","11102"
"625","40.832,-73.89","10459","10459"
"626","40.721,-73.948","11222","11222"
"627","40.828,-73.904","10456","10456"
"628","40.833,-73.905","10456","10456"
"629","40.81,-73.937","10037","10037"
"630","40.821,-73.895","10459","10459"
"631","40.807,-73.927","10454","10454"
"632","40.669,-73.99","11215","11215"
"633","40.813,-73.909","10455","10455"
"634","40.702,-73.906","11385","11385"
"635","40.813,-73.931","10037","10037"
"636","40.664,-73.984","11215","11215"
"637","40.839,-73.889","10457","10457"
"638","40.831,-73.926","10452","10452"
"639","40.814,-73.904","10455","10455"
"640","40.868,-73.917","10034","10034"
"641","40.805,-73.955","10026","10026"
"642","40.734,-74.003","10014","10014"
"643","40.713,-73.988","10002","10002"
"644","40.818,-73.951","10031","10031"
"645","40.811,-73.963","10027","10027"
"646","40.83,-73.908","10456","10456"
"647","40.755,-73.949","10044","10044"
"648","40.71,-74.004","10038","10038"
"649","40.812,-73.946","10027","10027"
"650","40.705,-73.944","11206","11206"
"651","40.817,-73.917","10455","10455"
"652","40.836,-73.893","10460","10460"
"653","40.715,-74.009","10007","10007"
"654","40.677,-73.96","11238","11238"
"655","40.71,-73.947","11206","11206"
"656","40.777,-73.959","10028","10028"
"657","40.751,-73.988","10018","10018"
"658","40.748,-73.941","11101","11101"
"659","40.743,-73.982","10016","10016"
"660","40.769,-73.925","11102","11102"
"661","40.746,-73.982","10016","10016"
"662","40.796,-73.948","10029","10029"
"663","40.766,-73.976","10106","10019"
"664","40.701,-73.939","11206","11206"
"665","40.764,-73.989","10019","10019"
"666","40.767,-73.962","10021","10021"
"667","40.808,-73.929","10454","10454"
"668","40.76,-73.991","10036","10036"
"669","40.713,-73.957","11211","11211"
"670","40.672,-73.961","11238","11238"
"671","40.652,-73.965","11226","11226"
"672","40.696,-73.968","11205","11205"
"673","40.663,-73.954","11225","11225"
"674","40.754,-73.996","10001","10001"
"675","40.815,-73.936","10037","10037"
"676","40.657,-73.998","11232","11232"
"677","40.757,-73.998","10003","10003"
"678","40.83,-73.905","10456","10456"
"679","40.859,-73.923","10034","10034"
"680","40.783,-73.979","10024","10024"
"681","40.832,-73.92","10452","10452"
"682","40.844,-73.921","10452","10452"
"683","40.834,-73.928","10452","10452"
"684","40.736,-73.953","11222","11222"
"685","40.752,-73.933","11101","11101"
"686","40.815,-73.9","10455","10455"
"687","40.853,-73.934","10033","10033"
"688","40.683,-73.912","11233","11233"
"689","40.722,-73.959","11249","11211"
"690","40.842,-73.926","10452","10452"
"691","40.836,-73.943","10032","10032"
"692","40.735,-73.998","10011","10011"
"693","40.803,-73.953","10026","10026"
"694","40.757,-73.926","11106","11106"
"695","40.847,-73.931","10040","10040"
"696","40.786,-73.946","10029","10029"
"697","40.823,-73.937","10039","10039"
"698","40.845,-73.912","10468","10468"
"699","40.735,-74","10011","10011"
"700","40.803,-73.963","10025","10025"
"701","40.747,-73.971","10017","10017"
"702","40.685,-73.941","11221","11221"
"703","40.709,-73.926","11237","11237"
"704","40.829,-73.95","10031","10031"
"705","40.685,-73.954","11216","11216"
"706","40.734,-73.952","11222","11222"
"707","40.792,-73.974","10025","10025"
"708","40.669,-73.987","11215","11215"
"709","40.715,-73.984","10002","10002"
"710","40.704,-73.904","11385","11385"
"711","40.745,-73.953","11101","11101"
"712","40.656,-73.977","11218","11218"
"713","40.839,-73.922","10452","10452"
"714","40.756,-73.937","11101","11101"
"715","40.841,-73.919","10452","10452"
"716","40.842,-73.898","10457","10457"
"717","40.816,-73.948","10030","10030"
"718","40.697,-73.907","11237","11237"
"719","40.863,-73.92","10034","10034"
"720","40.685,-73.909","11207","11207"
"721","40.756,-73.913","11103","11103"
"722","40.821,-73.888","10474","10474"
"723","40.697,-73.923","11221","11221"
"724","40.751,-73.946","11101","11101"
"725","40.682,-73.944","11216","11216"
"726","40.809,-73.916","10454","10454"
"727","40.648,-74","11232","11232"
"728","40.836,-73.94","10032","10032"
"729","40.801,-73.935","10035","10035"
"730","40.758,-73.902","11377","11377"
"731","40.824,-73.909","10451","10451"
"732","40.765,-73.94","11106","11106"
"733","40.654,-74.001","11232","11232"
"734","40.692,-73.926","11221","11221"
"735","40.689,-73.91","11207","11207"
"736","40.706,-73.919","11237","11237"
"737","40.818,-73.925","10451","10451"
"738","40.863,-73.921","10034","10034"
"739","40.718,-74.006","10013","10013"
"740","40.705,-74.006","10038","10038"
"741","40.721,-74.01","10013","10013"
"742","40.775,-73.904","11105","11105"
"743","40.764,-73.905","11103","11103"
"744","40.827,-73.889","10459","10459"
"745","40.83,-73.886","10459","10459"
"746","40.84,-73.911","10457","10457"
"747","40.825,-73.916","10451","10451"
"748","40.688,-73.908","11207","11207"
"749","40.692,-73.965","11205","11205"
"750","40.689,-73.969","11205","11205"
"751","40.637,-74.022","11220","11220"
"752","40.784,-73.912","11105","11105"
"753","40.673,-73.98","11215","11215"
"754","40.82,-73.901","10459","10459"
"755","40.701,-73.907","11385","11385"
"756","40.82,-73.921","10451","10451"
"757","40.771,-73.904","11105","11105"
"758","40.647,-74.019","11220","11220"
"759","40.768,-73.896","11370","11370"
"760","40.699,-73.919","11237","11237"
"761","40.663,-73.996","11232","11232"
"762","40.827,-73.896","10459","10459"
"763","40.849,-73.903","10457","10457"
"764","40.764,-73.936","11106","11106"
"765","40.675,-74.008","11232","11232"
"766","40.64,-74.023","11220","11220"
"767","40.681,-73.976","11217","11217"
"768","40.68,-73.984","11217","11217"
"769","40.82,-73.904","10456","10456"
"770","40.824,-73.897","10459","10459"
"771","40.843,-73.909","10457","10457"
"772","40.728,-74.005","10014","10014"
"773","40.645,-74.015","11220","11220"
"774","40.804,-73.956","10026","10026"
"775","40.833,-73.925","10452","10452"
"776","40.814,-73.912","10455","10455"
"777","40.83,-73.921","10452","10452"
"778","40.773,-73.906","11105","11105"
"779","40.71,-73.937","11206","11206"
"780","40.689,-74","11201","11201"
"781","40.808,-73.924","10454","10454"
"782","40.817,-73.928","10451","10451"
"783","40.841,-73.892","10457","10457"
"784","40.847,-73.933","10033","10033"
"785","40.825,-73.888","10459","10459"
"786","40.837,-73.888","10460","10460"
"787","40.775,-73.919","11105","11105"
"788","40.666,-73.961","11225","11225"
"789","40.705,-74.014","10003","10003"
"790","40.707,-73.929","11237","11237"
"791","40.827,-73.941","10031","10031"
"792","40.664,-73.957","11225","11225"
"793","40.862,-73.93","10040","10040"
"794","40.7,-73.912","11237","11237"
"795","40.852,-73.931","10033","10033"
"796","40.826,-73.927","10451","10451"
"797","40.648,-73.979","11218","11218"
"798","40.821,-73.918","10451","10451"
"799","40.643,-73.979","11218","11218"
"800","40.683,-73.906","11207","11207"
"801","40.807,-73.961","10027","10027"
"802","40.8,-73.924","10454","10454"
"803","40.645,-74.004","11220","11220"
"804","40.64,-74.016","11220","11220"
"805","40.822,-73.927","10451","10451"
"806","40.779,-73.906","11105","11105"
"807","40.831,-73.917","10456","10456"
"808","40.678,-74.009","11231","11231"
"809","40.834,-73.922","10452","10452"
"810","40.677,-74.006","11231","11231"
"811","40.822,-73.915","10451","10451"
"812","40.675,-73.998","11231","11231"
"813","40.668,-73.984","11215","11215"
"814","40.659,-74.007","11232","11232"
"815","40.724,-73.976","10009","10009"
"816","40.702,-73.987","11201","11201"
"817","40.781,-73.918","11105","11105"
"818","40.754,-73.9","11377","11377"
"819","40.675,-73.988","11215","11215"
"820","40.745,-73.987","10016","10016"
"821","40.728,-73.991","10003","10003"
"822","40.747,-74.005","10011","10011"
"823","40.689,-73.965","11205","11205"
"824","40.832,-73.941","10032","10032"
"825","40.7,-73.902","11385","11385"
"826","40.766,-73.987","10019","10019"
"827","40.709,-73.956","11211","11211"
"828","40.644,-73.986","11218","11218"
"829","40.822,-73.953","10031","10031"
"830","40.81,-73.953","10027","10027"
"831","40.758,-73.991","10036","10036"
"832","40.814,-73.959","10027","10027"
"833","40.839,-73.927","10452","10452"
"834","40.695,-73.952","11206","11206"
"835","40.819,-73.902","10455","10455"
"836","40.838,-73.906","10456","10456"
"837","40.711,-73.934","11206","11206"
"838","40.648,-73.971","11218","11218"
"839","40.835,-73.915","10456","10456"
"840","40.732,-73.979","10009","10009"
"841","40.757,-73.974","10170","10170"
"842","40.688,-73.92","11221","11221"
"843","40.827,-73.943","10031","10031"
"844","40.855,-73.93","10040","10040"
"845","40.764,-73.948","10044","10044"
"846","40.719,-73.942","11211","11211"
"847","40.868,-73.926","10034","10034"
"848","40.775,-73.913","11105","11105"
"849","40.733,-74.009","10014","10014"
"850","40.771,-73.908","11105","11105"
"851","40.856,-73.927","10040","10040"
"852","40.838,-73.936","10032","10032"
"853","40.818,-73.894","10459","10459"
"854","40.832,-73.942","10032","10032"
"855","40.806,-73.934","10035","10035"
"856","40.803,-73.92","10454","10454"
"857","40.678,-74","11231","11231"
"858","40.827,-73.946","10031","10031"
"859","40.713,-73.994","11201","11201"
"860","40.744,-73.942","11101","11101"
"861","40.742,-73.957","11101","11101"
"862","40.722,-74.008","10013","10013"
"863","40.655,-73.973","11218","11218"
"864","40.731,-73.952","11222","11222"
"865","40.83,-73.944","10031","10031"
"866","40.805,-73.919","10454","10454"
"867","40.819,-73.889","10474","10474"
"868","40.826,-73.899","10459","10459"
"869","40.794,-73.974","10025","10025"
"870","40.651,-74.007","11232","11232"
"871","40.815,-73.918","10455","10455"
"872","40.832,-73.927","10452","10452"
"873","40.784,-73.984","10024","10024"
"874","40.843,-73.942","10032","10032"
"875","40.703,-73.989","11201","11201"
"876","40.739,-74.008","10014","10014"
"877","40.808,-73.949","10027","10027"
"878","40.73,-73.987","10003","10003"
"879","40.84,-73.918","10452","10452"
"880","40.698,-73.971","11205","11205"
"881","40.755,-73.992","10018","10018"
"882","40.814,-73.915","10455","10455"
"883","40.819,-73.956","10027","10027"
"884","40.719,-74.007","10014","10014"
"885","40.7,-73.98","11205","11205"
"886","40.741,-74.002","10014","10014"
"887","40.758,-73.983","10036","10036"
"888","40.81,-73.955","10027","10027"
"889","40.74,-73.984","10010","10010"
"890","40.816,-73.896","10474","10474"
"891","40.825,-73.892","10459","10459"
"892","40.745,-73.999","10011","10011"
"893","40.811,-73.922","10454","10454"
"894","40.804,-73.967","10025","10025"
"895","40.728,-73.954","11222","11222"
"896","40.843,-73.9","10457","10457"
"897","40.73,-74.002","10014","10014"
"898","40.727,-73.997","10014","10014"
"899","40.786,-73.949","10029","10029"
"900","40.73,-73.999","10014","10014"
"901","40.747,-73.997","10001","10001"
"902","40.761,-74.003","10003","10003"
"903","40.706,-74.017","10280","10280"
"904","40.783,-73.931","10029","10029"
"905","40.755,-73.987","10018","10018"
"906","40.778,-73.989","10069","10069"
"907","40.76,-73.999","10018","10018"
"908","40.73,-73.954","11222","11222"
"909","40.757,-73.922","11101","11101"
"910","40.727,-74.003","10012","10012"
"911","40.692,-73.993","11201","11201"
"912","40.764,-73.974","10153","10153"
"913","40.727,-73.98","10009","10009"
"914","40.679,-73.975","11217","11217"
"915","40.734,-73.981","10003","10003"
"916","40.726,-73.944","11222","11222"
"917","40.703,-73.93","11237","11237"
"918","40.679,-74.011","11231","11231"
"919","40.68,-73.979","11217","11217"
"920","40.832,-73.922","10452","10452"
"921","40.713,-73.966","11249","11211"
"922","40.756,-73.903","11377","11377"
"923","40.838,-73.913","10456","10456"
"924","40.645,-73.98","11218","11218"
"925","40.83,-73.94","10031","10031"
"926","40.743,-73.977","10016","10016"
"927","40.719,-73.983","10002","10002"
"928","40.766,-73.914","11103","11103"
"929","40.674,-73.986","11215","11215"
"930","40.714,-73.935","11211","11211"
"931","40.763,-73.94","11106","11106"
"932","40.846,-73.92","10452","10452"
"933","40.691,-73.921","11221","11221"
"934","40.677,-73.987","11215","11215"
"935","40.761,-73.91","11103","11103"
"936","40.789,-73.94","10029","10029"
"937","40.814,-73.939","10037","10037"
"938","40.688,-73.985","11217","11217"
"939","40.84,-73.943","10032","10032"
"940","40.819,-73.941","10030","10030"
"941","40.84,-73.905","10457","10457"
"942","40.824,-73.919","10451","10451"
"943","40.779,-73.919","11105","11105"
"944","40.75,-73.92","11101","11101"
"945","40.762,-73.997","10036","10036"
"946","40.839,-73.899","10457","10457"
"947","40.721,-73.981","10002","10002"
"948","40.806,-73.965","10025","10025"
"949","40.687,-73.991","11201","11201"
"950","40.693,-73.969","11205","11205"
"951","40.745,-73.958","11109","11109"
"952","40.792,-73.964","10025","10025"
"953","40.807,-73.912","10454","10454"
"954","40.835,-73.902","10456","10456"
"955","40.869,-73.932","10034","10034"
"956","40.709,-73.945","11206","11206"
"957","40.852,-73.938","10033","10033"
"958","40.825,-73.902","10456","10456"
"959","40.708,-73.94","11206","11206"
"960","40.753,-73.97","10017","10017"
"961","40.674,-73.956","11216","11216"
"962","40.688,-73.97","11205","11205"
"963","40.705,-73.925","11237","11237"
"964","40.692,-73.974","11205","11205"
"965","40.801,-73.966","10025","10025"
"966","40.721,-73.978","10009","10009"
"967","40.718,-73.993","10002","10002"
"968","40.778,-73.949","10128","10128"
"969","40.7,-73.995","11201","11201"
"970","40.686,-74.002","11231","11231"
"971","40.766,-73.972","10153","10153"
"972","40.752,-73.988","10018","10018"
"973","40.704,-73.918","11237","11237"
"974","40.745,-74.002","10011","10011"
"975","40.769,-73.901","11105","11105"
"976","40.841,-73.915","10452","10452"
"977","40.85,-73.911","10453","10453"
"978","40.816,-73.92","10451","10451"
"979","40.771,-73.964","10021","10021"
"980","40.768,-73.911","11103","11103"
"981","40.836,-73.937","10032","10032"
"982","40.726,-74.008","10013","10013"
"983","40.823,-73.956","10031","10031"
"984","40.692,-74","11201","11201"
"985","40.736,-74.009","10014","10014"
"986","40.782,-73.915","11105","11105"
"987","40.735,-74.007","10014","10014"
"988","40.683,-74.003","11231","11231"
"989","40.777,-73.928","11102","11102"
"990","40.695,-73.92","11221","11221"
"991","40.809,-73.911","10454","10454"
"992","40.701,-73.936","11206","11206"
"993","40.824,-73.894","10459","10459"
"994","40.807,-73.919","10454","10454"
"995","40.837,-73.908","10456","10456"
"996","40.813,-73.902","10455","10455"
"997","40.835,-73.895","10460","10460"
"998","40.803,-73.934","10035","10035"
"999","40.83,-73.899","10456","10456"
"1000","40.705,-73.935","11206","11206"
"1001","40.773,-73.933","11102","11102"
"1002","40.865,-73.919","10034","10034"
"1003","40.638,-74.018","11220","11220"
"1004","40.87,-73.921","10034","10034"
"1005","40.651,-74.011","11232","11232"
"1006","40.668,-73.974","11215","11215"
"1007","40.709,-73.915","11385","11385"
"1008","40.671,-73.989","11215","11215"
"1009","40.856,-73.933","10040","10040"
"1010","40.657,-73.974","11218","11218"
"1011","40.663,-73.991","11215","11215"
"1012","40.653,-73.973","11218","11218"
"1013","40.658,-74.001","11232","11232"
"1014","40.638,-74.014","11220","11220"
"1015","40.827,-73.894","10459","10459"
"1016","40.822,-73.917","10451","10451"
"1017","40.672,-73.994","11215","11215"
"1018","40.775,-73.9","11105","11105"
"1019","40.706,-73.913","11385","11385"
"1020","40.866,-73.923","10034","10034"
"1021","40.669,-73.993","11215","11215"
"1022","40.648,-73.972","11218","11218"
"1023","40.67,-73.985","11215","11215"
"1024","40.814,-73.925","10451","10451"
"1025","40.696,-73.944","11237","11237"
"1026","40.694,-73.91","11221","11221"
"1027","40.706,-73.922","11237","11237"
"1028","40.803,-73.917","10454","10454"
"1029","40.771,-73.917","11101","11101"
"1030","40.775,-73.948","10028","10028"
"1031","40.7,-73.95","11216","11216"
"1032","40.687,-73.959","11238","11238"
"1033","40.724,-73.956","11211","11211"
"1034","40.718,-73.941","11211","11211"
"1035","40.71,-73.917","11385","11385"
"1036","40.825,-73.942","10039","10039"
"1037","40.772,-73.895","11370","11370"
"1038","40.681,-73.999","11231","11231"
"1039","40.647,-74.001","11232","11232"
"1040","40.699,-73.901","11385","11385"
"1041","40.718,-74.013","10285","10280"
"1042","40.743,-73.949","11109","11109"
"1043","40.722,-73.997","10012","10012"
"1044","40.688,-73.995","11201","11201"
"1045","40.833,-73.939","10032","10032"
"1046","40.836,-73.907","10456","10456"
"1047","40.742,-73.978","10016","10016"
"1048","40.701,-73.933","11206","11206"
"1049","40.752,-73.99","10018","10018"
"1050","40.775,-73.989","10023","10023"
"1051","40.849,-73.93","10040","10040"
"1052","40.722,-73.977","10009","10009"
"1053","40.813,-73.924","10451","10451"
"1054","40.827,-73.952","10031","10031"
"1055","40.756,-73.964","10022","10022"
"1056","40.758,-73.924","11106","11106"
"1057","40.818,-73.948","10030","10030"
"1058","40.674,-73.979","11215","11215"
"1059","40.649,-74.012","11220","11220"
"1060","40.758,-73.939","11101","11101"
"1061","40.784,-73.917","11370","11370"
"1062","40.743,-73.974","10016","10016"
"1063","40.715,-73.957","11211","11211"
"1064","40.755,-73.966","10022","10022"
"1065","40.77,-73.894","11370","11370"
"1066","40.813,-73.956","10027","10027"
"1067","40.71,-73.961","11211","11211"
"1068","40.728,-74.011","10282","10282"
"1069","40.676,-74.015","11231","11231"
"1070","40.673,-73.99","11215","11215"
"1071","40.764,-73.985","10019","10019"
"1072","40.763,-73.914","11103","11103"
"1073","40.7,-73.992","11201","11201"
"1074","40.793,-73.949","10029","10029"
"1075","40.759,-73.959","10155","10022"
"1076","40.747,-73.994","10001","10001"
"1077","40.768,-73.993","10019","10019"
"1078","40.649,-74.02","11232","11232"
"1079","40.642,-74.013","11220","11220"
"1080","40.823,-73.923","10451","10451"
"1081","40.82,-73.912","10451","10451"
"1082","40.649,-74.009","11220","11220"
"1083","40.792,-73.946","10029","10029"
"1084","40.708,-74.005","10038","10038"
"1085","40.698,-73.903","11385","11385"
"1086","40.726,-73.942","11222","11222"
"1087","40.824,-73.928","10451","10451"
"1088","40.76,-73.974","10022","10022"
"1089","40.709,-73.951","11211","11211"
"1090","40.811,-73.943","10027","10027"
"1091","40.828,-73.913","10456","10456"
"1092","40.841,-73.94","10031","10031"
"1093","40.753,-73.921","11101","11101"
"1094","40.83,-73.892","10459","10459"
"1095","40.794,-73.972","10025","10025"
"1096","40.732,-74.007","10014","10014"
"1097","40.798,-73.942","10029","10029"
"1098","40.686,-73.936","11221","11221"
"1099","40.713,-73.999","10038","10038"
"1100","40.66,-73.978","11215","11215"
"1101","40.696,-73.971","11205","11205"
"1102","40.65,-73.968","11226","11226"
"1103","40.695,-73.987","11201","11201"
"1104","40.738,-74","10001","10001"
"1105","40.761,-73.967","10022","10022"
"1106","40.71,-74.007","10038","10038"
"1107","40.824,-73.955","10031","10031"
"1108","40.82,-73.908","10456","10456"
"1109","40.671,-74.001","11231","11231"
"1110","40.834,-73.921","10452","10452"
"1111","40.832,-73.915","10456","10456"
"1112","40.773,-73.927","11102","11102"
"1113","40.858,-73.932","10040","10040"
"1114","40.707,-73.936","11206","11206"
"1115","40.756,-73.99","10018","10018"
"1116","40.691,-73.917","11221","11221"
"1117","40.793,-73.977","10024","10024"
"1118","40.686,-73.916","11207","11207"
"1119","40.763,-73.965","10065","10065"
"1120","40.743,-73.936","11101","11101"
"1121","40.81,-73.918","10454","10454"
"1122","40.742,-73.954","11109","11109"
"1123","40.698,-73.997","11201","11201"
"1124","40.717,-73.963","11249","11211"
"1125","40.853,-73.927","10040","10040"
"1126","40.816,-73.892","10474","10474"
"1127","40.748,-73.997","10001","10001"
"1128","40.817,-73.888","10474","10474"
"1129","40.843,-73.912","10453","10453"
"1130","40.75,-73.998","10001","10001"
"1131","40.681,-73.995","11231","11231"
"1132","40.698,-73.926","11221","11221"
"1133","40.844,-73.917","10452","10452"
"1134","40.692,-74.015","10004","10004"
"1135","40.839,-73.926","10452","10452"
"1136","40.811,-73.927","10037","10037"
"1137","40.733,-73.958","11222","11222"
"1138","40.648,-73.974","11218","11218"
"1139","40.707,-73.924","11385","11385"
"1140","40.656,-74.01","11232","11232"
"1141","40.643,-74.009","11220","11220"
"1142","40.679,-73.982","11217","11217"
"1143","40.706,-73.91","11385","11385"
"1144","40.717,-73.936","11211","11211"
"1145","40.693,-73.929","11221","11221"
"1146","40.701,-73.987","11201","11201"
"1147","40.828,-73.927","10451","10451"
"1148","40.75,-73.991","10119","10119"
"1149","40.799,-73.939","10035","10035"
"1150","40.705,-73.92","11237","11237"
"1151","40.719,-73.993","10002","10002"
"1152","40.714,-73.993","10002","10002"
"1153","40.683,-73.984","11217","11217"
"1154","40.707,-73.954","11211","11211"
"1155","40.768,-73.921","11102","11102"
"1156","40.707,-73.958","11249","11211"
"1157","40.73,-73.948","11222","11222"
"1158","40.687,-73.917","11221","11221"
"1159","40.807,-73.942","10027","10027"
"1160","40.773,-73.956","10075","10075"
"1161","40.708,-74.004","10038","10038"
"1162","40.823,-73.951","10031","10031"
"1163","40.859,-73.934","10040","10040"
"1164","40.736,-74.001","10014","10014"
"1165","40.724,-73.95","11222","11222"
"1166","40.649,-73.977","11218","11218"
"1167","40.728,-73.987","10003","10003"
"1168","40.726,-74","10012","10012"
"1169","40.671,-73.958","11238","11238"
"1170","40.723,-73.989","10002","10002"
"1171","40.739,-74.003","10001","10001"
"1172","40.636,-74.02","11220","11220"
"1173","40.721,-73.992","10002","10002"
"1174","40.84,-73.9","10457","10457"
"1175","40.765,-73.992","10019","10019"
"1176","40.693,-73.908","11237","11237"
"1177","40.751,-74.002","10001","10001"
"1178","40.714,-73.928","11237","11237"
"1179","40.652,-73.981","11218","11218"
"1180","40.764,-73.911","11103","11103"
"1181","40.823,-73.944","10030","10030"
"1182","40.641,-74.011","11220","11220"
"1183","40.84,-73.913","10453","10453"
"1184","40.724,-73.999","10003","10003"
"1185","40.823,-73.942","10030","10030"
"1186","40.757,-73.945","11101","11101"
"1187","40.766,-73.907","11103","11103"
"1188","40.806,-73.936","10035","10035"
"1189","40.852,-73.909","10453","10453"
"1190","40.768,-73.894","11370","11370"
"1191","40.766,-73.931","11106","11106"
"1192","40.668,-73.959","11225","11225"
"1193","40.674,-74.012","11231","11231"
"1194","40.722,-73.945","11222","11222"
"1195","40.867,-73.929","10034","10034"
"1196","40.831,-73.895","10459","10459"
"1197","40.831,-73.911","10456","10456"
"1198","40.645,-73.974","11218","11218"
"1199","40.682,-73.98","11217","11217"
"1200","40.82,-73.916","10455","10455"
"1201","40.801,-73.944","10035","10035"
"1202","40.773,-73.967","10075","10075"
"1203","40.716,-73.992","10002","10002"
"1204","40.789,-73.952","10029","10029"
"1205","40.784,-73.955","10128","10128"
"1206","40.685,-73.994","11201","11201"
"1207","40.843,-73.939","10032","10032"
"1208","40.681,-73.95","11233","11233"
"1209","40.76,-73.978","10111","10111"
"1210","40.719,-73.991","10002","10002"
"1211","40.712,-73.979","10002","10002"
"1212","40.817,-73.942","10030","10030"
"1213","40.769,-73.967","10065","10065"
"1214","40.711,-74","10038","10038"
"1215","40.726,-73.995","10012","10012"
"1216","40.689,-73.96","11221","11221"
"1217","40.705,-73.911","11385","11385"
"1218","40.691,-73.957","11205","11205"
"1219","40.846,-73.938","10033","10033"
"1220","40.779,-73.958","10028","10028"
"1221","40.742,-74.001","10011","10011"
"1222","40.744,-74.004","10011","10011"
"1223","40.816,-73.954","10027","10027"
"1224","40.692,-73.989","11201","11201"
"1225","40.71,-73.94","11211","11211"
"1226","40.871,-73.914","10034","10034"
"1227","40.738,-73.996","10011","10011"
"1228","40.69,-73.948","11216","11216"
"1229","40.716,-73.948","11211","11211"
"1230","40.812,-73.904","10455","10455"
"1231","40.796,-73.919","10035","10035"
"1232","40.686,-73.996","11201","11201"
"1233","40.822,-73.929","10452","10452"
"1234","40.653,-73.976","11218","11218"
"1235","40.76,-73.927","11106","11106"
"1236","40.761,-73.931","11106","11106"
"1237","40.719,-73.949","11211","11211"
"1238","40.763,-73.903","11377","11377"
"1239","40.78,-73.923","11102","11102"
"1240","40.797,-73.97","10025","10025"
"1241","40.691,-73.996","11201","11201"
"1242","40.683,-73.993","11231","11231"
"1243","40.654,-74.004","11232","11232"
"1244","40.677,-73.969","11238","11238"
"1245","40.699,-73.923","11221","11221"
"1246","40.725,-73.948","11222","11222"
"1247","40.759,-73.975","10022","10022"
"1248","40.755,-73.972","10017","10017"
"1249","40.719,-73.952","11211","11211"
"1250","40.704,-74.006","10041","10004"
"1251","40.787,-73.942","10029","10029"
"1252","40.652,-73.972","11218","11218"
"1253","40.771,-73.988","10023","10023"
"1254","40.713,-73.949","11211","11211"
"1255","40.702,-73.909","11385","11385"
"1256","40.696,-73.978","11205","11205"
"1257","40.676,-74.003","11231","11231"
"1258","40.638,-74.025","11220","11220"
"1259","40.689,-73.912","11207","11207"
"1260","40.715,-73.945","11211","11211"
"1261","40.701,-73.918","11237","11237"
"1262","40.681,-73.908","11233","11233"
"1263","40.666,-73.993","11215","11215"
"1264","40.707,-73.906","11385","11385"
"1265","40.705,-74.009","10004","10004"
"1266","40.701,-74.012","10004","10004"
"1267","40.767,-73.935","11106","11106"
"1268","40.65,-74.016","11232","11232"
"1269","40.759,-73.962","10022","10022"
"1270","40.657,-74.009","11232","11232"
"1271","40.725,-73.975","10009","10009"
"1272","40.861,-73.921","10034","10034"
"1273","40.819,-73.89","10474","10474"
"1274","40.836,-73.884","10460","10460"
"1275","40.753,-73.912","11101","11101"
"1276","40.777,-73.907","11105","11105"
"1277","40.789,-73.944","10029","10029"
"1278","40.77,-73.906","11105","11105"
"1279","40.761,-73.911","11103","11103"
"1280","40.818,-73.905","10456","10456"
"1281","40.752,-73.925","11101","11101"
"1282","40.779,-73.915","11105","11105"
"1283","40.837,-73.926","10452","10452"
"1284","40.789,-73.967","10024","10024"
"1285","40.772,-73.947","10028","10028"
"1286","40.679,-73.93","11203","11203"
"1287","40.829,-73.937","10039","10039"
"1288","40.717,-73.988","10002","10002"
"1289","40.682,-73.991","11231","11231"
"1290","40.809,-73.96","10027","10027"
"1291","40.711,-73.994","10002","10002"
"1292","40.691,-73.912","11221","11221"
"1293","40.666,-73.989","11215","11215"
"1294","40.666,-73.996","11231","11231"
"1295","40.702,-74.014","10004","10004"
"1296","40.762,-73.973","10037","10037"
"1297","40.679,-73.968","11238","11238"
"1298","40.773,-73.95","10028","10028"
"1299","40.716,-74","10013","10013"
"1300","40.678,-73.973","11233","11233"
"1301","40.698,-73.909","11237","11237"
"1302","40.792,-73.938","10029","10029"
"1303","40.666,-73.957","11225","11225"
"1304","40.699,-73.898","11385","11385"
"1305","40.692,-73.984","11201","11201"
"1306","40.68,-73.938","11216","11216"
"1307","40.655,-74.011","11232","11232"
"1308","40.831,-73.936","10039","10039"
"1309","40.686,-73.994","11201","11201"
"1310","40.719,-73.959","11249","11211"
"1311","40.759,-73.989","10036","10036"
"1312","40.711,-74.006","10038","10038"
"1313","40.804,-73.946","10027","10027"
"1314","40.739,-73.977","10010","10010"
"1315","40.788,-73.975","10024","10024"
"1316","40.693,-73.977","11237","11237"
"1317","40.74,-74.005","10014","10014"
"1318","40.69,-73.992","11201","11201"
"1319","40.733,-74.007","10014","10014"
"1320","40.797,-73.937","10035","10035"
"1321","40.817,-73.939","10030","10030"
"1322","40.75,-73.952","11101","11101"
"1323","40.812,-73.929","10451","10451"
"1324","40.817,-73.923","10451","10451"
"1325","40.698,-73.913","11237","11237"
"1326","40.799,-73.945","10029","10029"
"1327","40.691,-73.951","11216","11216"
"1328","40.691,-73.904","11237","11237"
"1329","40.754,-73.915","11103","11103"
"1330","40.771,-73.89","11370","11370"
"1331","40.742,-73.994","10011","10011"
"1332","40.788,-73.97","10024","10024"
"1333","40.812,-73.961","10115","10115"
"1334","40.756,-74.002","10199","10199"
"1335","40.641,-74.018","11220","11220"
"1336","40.642,-73.981","11218","11218"
"1337","40.677,-74.016","11231","11231"
"1338","40.769,-73.891","11370","11370"
"1339","40.773,-73.959","10075","10075"
"1340","40.673,-74.005","11231","11231"
"1341","40.752,-73.948","11101","11101"
"1342","40.692,-73.979","11201","11201"
"1343","40.839,-73.945","10032","10032"
"1344","40.79,-73.948","10029","10029"
"1345","40.679,-73.988","11215","11215"
"1346","40.683,-73.979","11213","11213"
"1347","40.848,-73.941","10033","10033"
"1348","40.806,-73.915","10454","10454"
"1349","40.76,-73.907","11377","11377"
"1350","40.821,-73.912","10451","10451"
"1351","40.718,-73.949","11211","11211"
"1352","40.663,-73.999","11232","11232"
"1353","40.814,-73.885","10474","10474"
"1354","40.834,-73.89","10460","10460"
"1355","40.824,-73.911","10451","10451"
"1356","40.822,-73.908","10456","10456"
"1357","40.817,-73.915","10455","10455"
"1358","40.846,-73.904","10457","10457"
"1359","40.823,-73.902","10456","10456"
"1360","40.74,-73.99","10010","10010"
"1361","40.832,-73.893","10459","10459"
"1362","40.83,-73.923","10452","10452"
"1363","40.705,-73.971","11251","11211"
"1364","40.863,-73.918","10034","10034"
"1365","40.811,-73.908","10455","10455"
"1366","40.832,-73.902","10456","10456"
"1367","40.837,-73.902","10456","10456"
"1368","40.832,-73.897","10456","10456"
"1369","40.829,-73.905","10456","10456"
"1370","40.839,-73.911","10457","10457"
"1371","40.73,-74.01","10014","10014"
"1372","40.75,-74","10001","10001"
"1373","40.873,-73.918","10034","10034"
"1374","40.733,-74.011","10001","10001"
"1375","40.847,-73.911","10453","10453"
"1376","40.848,-73.916","10453","10453"
"1377","40.871,-73.912","10034","10034"
"1378","40.767,-73.93","11106","11106"
"1379","40.767,-73.982","10019","10019"
"1380","40.67,-73.97","11238","11238"
"1381","40.856,-73.907","10453","10453"
"1382","40.854,-73.912","10453","10453"
"1383","40.848,-73.918","10453","10453"
"1384","40.645,-73.975","11218","11218"
"1385","40.848,-73.902","10457","10457"
"1386","40.731,-73.988","10003","10003"
"1387","40.847,-73.907","10457","10457"
"1388","40.854,-73.898","10457","10457"
"1389","40.862,-73.912","10468","10468"
"1390","40.874,-73.887","10468","10468"
"1391","40.874,-73.892","10468","10468"
"1392","40.863,-73.901","10468","10468"
"1393","40.862,-73.899","10468","10468"
"1394","40.685,-74.025","10004","10004"
"1395","40.854,-73.909","10453","10453"
"1396","40.867,-73.898","10468","10468"
"1397","40.74,-74.01","10001","10001"
"1398","40.76,-74","10018","10018"
"1399","40.658,-73.986","11215","11215"
"1400","40.848,-73.922","10453","10453"
"1401","40.673,-73.969","11238","11238"
"1402","40.858,-73.903","10453","10453"
"1403","40.856,-73.896","10457","10457"
"1404","40.86,-73.901","10468","10468"
"1405","40.864,-73.892","10458","10458"
"1406","40.852,-73.916","10453","10453"
"1407","40.863,-73.923","10034","10034"
"1408","40.688,-73.991","11201","11201"
"1409","40.694,-73.995","11201","11201"
"1410","40.856,-73.906","10453","10453"
"1411","40.858,-73.91","10453","10453"
"1412","40.703,-73.985","11201","11201"
"1413","40.869,-73.891","10458","10458"
"1414","40.857,-73.898","10458","10458"
"1415","40.846,-73.914","10453","10453"
"1416","40.851,-73.901","10457","10457"
"1417","40.863,-73.903","10468","10468"
"1418","40.755,-73.996","10018","10018"
"1419","40.85,-73.913","10453","10453"
"1420","40.721,-73.985","10002","10002"
"1421","40.855,-73.913","10453","10453"
"1422","40.853,-73.918","10453","10453"
"1423","40.872,-73.897","10468","10468"
"1424","40.855,-73.917","10453","10453"
"1425","40.871,-73.888","10458","10458"
"1426","40.862,-73.895","10468","10468"
"1427","40.687,-74.017","11232","11232"
"1428","40.85,-73.919","10453","10453"
"1429","40.874,-73.895","10468","10468"
"1430","40.864,-73.895","10458","10458"
"1431","40.87,-73.882","10458","10458"
"1432","40.863,-73.907","10468","10468"
"1433","40.698,-73.984","11201","11201"
"1434","40.873,-73.89","10468","10468"
"1435","40.877,-73.889","10468","10468"
"1436","40.819,-73.945","10030","10030"
"1437","40.879,-73.885","10467","10467"
"1438","40.853,-73.905","10453","10453"
"1439","40.825,-73.952","10031","10031"
"1440","40.69,-73.979","11201","11201"
"1441","40.862,-73.891","10458","10458"
"1442","40.678,-73.969","11238","11238"
"1443","40.694,-73.982","11201","11201"
"1444","40.764,-73.971","10022","10022"
"1445","40.866,-73.888","10458","10458"
"1446","40.878,-73.892","10468","10468"
"1447","40.85,-73.916","10453","10453"
"1448","40.858,-73.906","10453","10453"
"1449","40.868,-73.884","10458","10458"
"1450","40.874,-73.883","10458","10458"
"1451","40.703,-73.993","10038","10038"
"1452","40.855,-73.911","10453","10453"
"1453","40.878,-73.885","10458","10458"
"1454","40.871,-73.907","10463","10463"
"1455","40.866,-73.904","10468","10468"
"1456","40.877,-73.884","10458","10458"
"1457","40.868,-73.893","10458","10458"
"1458","40.866,-73.89","10458","10458"
"1459","40.855,-73.903","10453","10453"
"1460","40.856,-73.9","10457","10457"
"1461","40.701,-73.985","11201","11201"
"1462","40.876,-73.886","10458","10458"
"1463","40.846,-73.909","10457","10457"
"1464","40.87,-73.886","10458","10458"
"1465","40.88,-73.886","10468","10468"
"1466","40.865,-73.902","10468","10468"
"1467","40.851,-73.929","10040","10040"
"1468","40.701,-73.989","11201","11201"
"1469","40.866,-73.909","10463","10463"
"1470","40.861,-73.903","10468","10468"
"1471","40.858,-73.896","10458","10458"
"1472","40.869,-73.897","10468","10468"
"1473","40.868,-73.881","10458","10458"
"1474","40.882,-73.887","10468","10468"
"1475","40.86,-73.906","10468","10468"
"1476","40.7,-73.986","11201","11201"
"1477","40.639,-74.027","11220","11220"
"1478","40.782,-73.96","10028","10028"
"1479","40.867,-73.902","10468","10468"
"1480","40.867,-73.886","10458","10458"
"1481","40.872,-73.885","10458","10458"
"1482","40.846,-73.917","10452","10452"
"1483","40.873,-73.907","10468","10468"
"1484","40.765,-73.982","10019","10019"
"1485","40.86,-73.913","10453","10453"
"1486","40.871,-73.893","10468","10468"
"1487","40.868,-73.888","10458","10458"
"1488","40.86,-73.909","10453","10453"
"1489","40.64,-74.02","11220","11220"
"1490","40.851,-73.906","10453","10453"
"1491","40.748,-73.974","10016","10016"
"1492","40.712,-74.01","10007","10007"
"1493","40.762,-73.987","10019","10019"
"1494","40.842,-73.942","10031","10031"
"1495","40.669,-73.966","11213","11213"
"1496","40.664,-73.963","11225","11225"
"1497","40.705,-74.008","10005","10005"
"1498","40.703,-74.011","10004","10004"
"1499","40.763,-73.983","10019","10019"
"1500","40.703,-73.99","11201","11201"
"1501","40.852,-73.903","10457","10457"
"1502","40.687,-73.982","11217","11217"
"1503","40.728,-73.955","11222","11222"
"1504","40.678,-74.017","11231","11231"
"1505","40.737,-74.036","07310","07310"
"1506","40.652,-73.976","11218","11218"
"1507","40.703,-73.932","11206","11206"
"1508","40.71,-73.931","11237","11237"
"1509","40.713,-73.968","11249","11211"
"1510","40.68,-73.97","11238","11238"
"1511","40.865,-73.928","10034","10034"
"1512","40.784,-73.954","10128","10128"
"1513","40.77,-73.982","10034","10034"
"1514","40.7,-73.974","11251","11211"
"1515","40.747,-73.948","11101","11101"
"1516","40.76,-73.985","10019","10019"
"1517","40.604,-74.02","11252","11209"
"1518","40.726,-73.974","10009","10009"
"1519","40.679,-73.979","11217","11217"
"1520","40.717,-74.009","10013","10013"
"1521","40.724,-73.979","10009","10009"
"1522","40.741,-73.936","11101","11101"
"1523","40.723,-73.983","10009","10009"
"1524","40.758,-73.979","10020","10020"
"1525","40.728,-73.985","10009","10009"
"1526","40.73,-73.996","10003","10003"
"1527","40.725,-73.981","10009","10009"
"1528","40.725,-73.984","10009","10009"
"1529","40.773,-73.914","11105","11105"
"1530","40.739,-74.002","10011","10011"
"1531","40.734,-73.992","10003","10003"
"1532","40.752,-73.993","10001","10001"
"1533","40.767,-73.971","10065","10065"
"1534","40.738,-74.006","10014","10014"
"1535","40.72,-74.009","10013","10013"
"1536","40.731,-73.983","10003","10003"
"1537","40.723,-74.003","10013","10013"
"1538","40.756,-73.994","10018","10018"
"1539","40.722,-74.011","10013","10013"
"1540","40.706,-74.013","10004","10004"
"1541","40.727,-73.988","10003","10003"
"1542","40.755,-74.001","10199","10199"
"1543","40.725,-73.999","10012","10012"
"1544","40.72,-73.979","10002","10002"
"1545","40.71,-73.992","10002","10002"
"1546","40.708,-74.014","10006","10006"
"1547","40.747,-74.004","10011","10011"
"1548","40.781,-73.985","10023","10023"
"1549","40.766,-73.977","10019","10019"
"1550","40.754,-73.997","10001","10001"
"1551","40.748,-73.996","10001","10001"
"1552","40.75,-74.027","07030","07030"
"1553","40.716,-73.982","10002","10002"
"1554","40.729,-74.012","10014","10014"
"1555","40.744,-74.044","07087","07087"
"1556","40.728,-74.012","10014","10014"
"1557","40.727,-74.034","07310","07310"
"1558","40.718,-74.044","07302","07302"
"1559","40.712,-74.039","07302","07302"
"1560","40.715,-74.043","07302","07302"
"1561","40.721,-74.038","07302","07302"
"1562","40.725,-74.078","07304","07304"
"1563","40.729,-74.032","07310","07310"
"1564","40.75,-73.95","11101","11101"
"1565","40.736,-74.029","07030","07030"
"1566","40.731,-74.064","07306","07306"
"1567","40.749,-74.04","07307","07307"
"1568","40.755,-74.027","07087","07087"
"1569","40.743,-74.032","07030","07030"
"1570","40.714,-74.034","07302","07302"
"1571","40.718,-74.048","07302","07302"
"1572","40.737,-74.028","07030","07030"
"1573","40.724,-74.035","07310","07310"
"1574","40.711,-74.056","07304","07304"
"1575","40.754,-74.032","07030","07030"
"1576","40.715,-74.038","07302","07302"
"1577","40.717,-74.033","07311","07311"
"1578","40.751,-74.034","07030","07030"
"1579","40.722,-74.071","07304","07304"
"1580","40.744,-74.035","07030","07030"
"1581","40.743,-74.04","07030","07030"
"1582","40.72,-74.043","07302","07302"
"1583","40.739,-74.039","07030","07030"
"1584","40.73,-73.99","10003","10003"
"1585","40.76,-73.98","10020","10020"
"1586","40.71,-73.99","10002","10002"
"1587","40.7,-74.01","10004","10004"
"1588","40.74,-73.98","10010","10010"
"1589","40.76,-73.96","10065","10065"
"1590","40.75,-73.98","10016","10016"
"1591","40.72,-74","10013","10013"
"1592","40.71,-73.96","11249","11211"
"1593","40.76,-73.94","11106","11106"
"1594","40.64,-74.03","11220","11220"
"1595","40.79,-73.97","10025","10025"
"1596","40.71,-74.01","10007","10007"
"1597","40.76,-73.9","11377","11377"
"1598","40.68,-73.96","11238","11238"
"1599","40.8,-73.97","10025","10025"
"1600","40.7,-73.93","11206","11206"
"1601","40.74,-74","10011","10011"
"1602","40.75,-73.99","10001","10001"
"1603","40.78,-73.99","10069","10069"
"1604","40.75,-73.97","10017","10017"
"1605","40.82,-73.93","10451","10451"
"1606","40.79,-73.96","10025","10025"
"1607","40.72,-73.94","11222","11222"
"1608","40.86,-73.89","10458","10458"
"1609","40.78,-73.98","10023","10023"
"1610","40.85,-73.94","10033","10033"
"1611","40.76,-73.97","10022","10022"
"1612","40.79,-73.94","10029","10029"
"1613","40.78,-73.95","10128","10128"
"1614","40.69,-73.99","11201","11201"
"1615","40.78,-73.96","10028","10028"
"1616","40.77,-73.98","10023","10023"
"1617","40.719,-74.034","07311","07311"
"1618","40.77,-73.95","10075","10075"
"1619","40.75,-74.01","10001","10001"
"1620","40.77,-73.99","10019","10019"
"1621","40.73,-74","10014","10014"
"1622","40.7,-73.97","11205","11205"
"1623","40.83,-73.9","10456","10456"
"1624","40.75,-73.91","11104","11104"
"1625","40.69,-73.94","11221","11221"
"1626","40.76,-73.99","10036","10036"
"1627","40.75,-73.93","11109","11109"
"1628","40.73,-73.98","10009","10009"
"1629","40.8,-73.95","10026","10026"
"1630","40.87,-73.91","10034","10034"
"1631","40.68,-73.94","11225","11225"
"1632","40.69,-74","11231","11231"
"1633","40.69,-73.97","11205","11205"
"1634","40.69,-73.98","11201","11201"
"1635","40.7,-73.91","11385","11385"
"1636","40.74,-73.96","11109","11109"
"1637","40.8,-73.96","10025","10025"
"1638","40.72,-73.98","10002","10002"
"1639","40.77,-73.91","11105","11105"
"1640","40.7,-74","11201","11201"
"1641","40.71,-73.91","11385","11385"
"1642","40.72,-74.02","10282","10282"
"1643","40.74,-73.95","11101","11101"
"1644","40.76,-73.95","10044","10044"
"1645","40.67,-73.99","11215","11215"
"1646","40.73,-73.96","11222","11222"
"1647","40.68,-73.98","11217","11217"
"1648","40.65,-74.02","11232","11232"
"1649","40.7,-73.94","11206","11206"
"1650","40.753,-74.024","07030","07030"
"1651","40.743,-74.027","07030","07030"
"1652","40.745,-74.033","07030","07030"
"1653","40.83,-73.92","10456","10456"
"1654","40.67,-73.98","11215","11215"
"1655","40.86,-73.91","10453","10453"
"1656","40.72,-73.96","11249","11211"
"1657","40.84,-73.89","10460","10460"
"1658","40.8,-73.94","10035","10035"
"1659","40.66,-74","11232","11232"
"1660","40.76,-73.93","11106","11106"
"1661","40.77,-73.93","11102","11102"
"1662","40.69,-73.96","11205","11205"
"1663","40.77,-73.96","10021","10021"
"1664","40.71,-73.97","11211","11211"
"1665","40.77,-73.89","11370","11370"
"1666","40.84,-73.92","10452","10452"
"1667","40.71,-74.02","10280","10280"
"1668","40.78,-73.91","11105","11105"
"1669","40.71,-73.93","11237","11237"
"1670","40.74,-73.97","10016","10016"
"1671","40.72,-73.95","11222","11222"
"1672","40.77,-73.94","10162","10162"
"1673","40.7,-73.9","11385","11385"
"1674","40.76,-73.92","11101","11101"
"1675","40.82,-73.91","10456","10456"
"1676","40.82,-73.96","10115","10115"
"1677","40.69,-73.91","11207","11207"
"1678","40.65,-74","11232","11232"
"1679","40.87,-73.93","10034","10034"
"1680","40.78,-73.92","11105","11105"
"1681","40.69,-73.95","11216","11216"
"1682","40.67,-73.96","11225","11225"
"1683","40.68,-73.95","11216","11216"
"1684","40.75,-74.03","07030","07030"
"1685","40.71,-73.9","11385","11385"
"1686","40.79,-73.98","10024","10024"
"1687","40.75,-73.94","11101","11101"
"1688","40.77,-73.97","10021","10021"
"1689","40.71,-73.98","11251","11211"
"1690","40.71,-74","10038","10038"
"1691","40.68,-73.99","11231","11231"
"1692","40.78,-73.97","10024","10024"
"1693","40.71,-73.95","11206","11206"
"1694","40.83,-73.93","10452","10452"
"1695","40.66,-73.98","11215","11215"
"1696","40.81,-73.95","10027","10027"
"1697","40.66,-73.96","11225","11225"
"1698","40.68,-74","11231","11231"
"1699","40.85,-73.9","10457","10457"
"1700","40.82,-73.89","10474","10474"
"1701","40.66,-74.01","11232","11232"
"1702","40.67,-73.95","11213","11213"
"1703","40.73,-73.95","11222","11222"
"1704","40.75,-73.9","11377","11377"
"1705","40.68,-73.93","11233","11233"
"1706","40.66,-73.99","11215","11215"
"1707","40.65,-73.97","11226","11226"
"1708","40.65,-74.01","11220","11220"
"1709","40.64,-74.01","11220","11220"
"1710","40.82,-73.94","10030","10030"
"1711","40.67,-74.01","11232","11232"
"1712","40.73,-73.94","11222","11222"
"1713","40.69,-74.01","10004","10004"
"1714","40.8,-73.93","10035","10035"
"1715","40.76,-73.91","11103","11103"
"1716","40.87,-73.89","10458","10458"
"1717","40.86,-73.9","10468","10468"
"1718","40.68,-74.01","11231","11231"
"1719","40.8,-73.91","10454","10454"
"1720","40.81,-73.91","10455","10455"
"1721","40.728,-74.044","07302","07302"
"1722","40.741,-74.042","07030","07030"
"1723","40.88,-73.89","10468","10468"
"1724","40.735,-74.047","07310","07310"
"1725","40.718,-74.084","07304","07304"
"1726","40.81,-73.92","10454","10454"
"1727","40.67,-74","11231","11231"
"1728","40.68,-74.02","11231","11231"
"1729","40.88,-73.88","10467","10467"
"1730","40.83,-73.95","10031","10031"
"1731","40.77,-73.92","11102","11102"
"1732","40.82,-73.9","10459","10459"
"1733","40.84,-73.94","10031","10031"
"1734","40.69,-74.03","10004","10004"
"1735","40.83,-73.91","10456","10456"
"1736","40.69,-73.93","11221","11221"
"1737","40.81,-73.96","10027","10027"
"1738","40.68,-73.9","11207","11207"
"1739","40.82,-73.92","10451","10451"
"1740","40.84,-73.91","10457","10457"
"1741","40.7,-73.92","11237","11237"
"1742","40.71,-73.92","11385","11385"
"1743","40.82,-73.95","10031","10031"
"1744","40.717,-73.984","10002","10002"
"1745","40.736,-74.03","07030","07030"
"1746","40.87,-73.9","10468","10468"
"1747","40.66,-73.97","11218","11218"
"1748","40.85,-73.91","10453","10453"
"1749","40.85,-73.92","10453","10453"
"1750","40.81,-73.93","10037","10037"
"1751","40.69,-74.02","10004","10004"
"1752","40.65,-73.98","11218","11218"
"1753","40.85,-73.93","10033","10033"
"1754","40.87,-73.92","10034","10034"
"1755","40.69,-73.92","11221","11221"
"1756","40.68,-73.91","11233","11233"
"1757","40.86,-73.92","10034","10034"
"1758","40.87,-73.88","10467","10467"
"1759","40.79,-73.93","10035","10035"
"1760","40.83,-73.89","10459","10459"
"1761","40.743,-74.052","07307","07307"
"1762","40.752,-74.03","07030","07030"
"1763","40.734,-74.062","07306","07306"
"1764","40.74,-73.94","11101","11101"
"1765","40.73,-73.97","10009","10009"
"1766","40.78,-73.93","10029","10029"
"1767","40.81,-73.89","10474","10474"
"1768","40.78,-73.94","10128","10128"
"1769","40.77,-73.9","11105","11105"
"1770","40.84,-73.88","10461","10461"
"1771","40.725,-74.046","07302","07302"
"1772","40.713,-74.036","07302","07302"
"1773","40.738,-74.067","07306","07306"
"1774","40.746,-74.028","07030","07030"
"1775","40.724,-74.051","07302","07302"
"1776","40.717,-74.05","07302","07302"
"1777","40.8,-73.92","10454","10454"
"1778","40.81,-73.9","10455","10455"
"1779","40.64,-73.98","11218","11218"
"1780","40.86,-73.93","10040","10040"
"1781","40.78,-73.9","11105","11105"
"1782","40.64,-74","11219","11219"
"1783","40.79,-73.92","11102","11102"
"1784","40.746,-74.038","07030","07030"
"1785","40.726,-74.05","07302","07302"
"1786","40.718,-74.039","07302","07302"
"1787","40.84,-73.93","10452","10452"
"1788","40.66,-73.95","11225","11225"
"1789","40.71,-74.04","07302","07302"
"1790","40.738,-74.042","07310","07310"
"1791","40.751,-74.024","07030","07030"
"1792","40.725,-74.068","07306","07306"
"1793","40.709,-73.931","11237","11237"
"1794","40.737,-74.031","07030","07030"
"1795","40.735,-74.06","07306","07306"
"1796","40.724,-74.064","07306","07306"
"1797","40.719,-74.071","07304","07304"
"1798","40.735,-74.05","07306","07306"
"1799","40.731,-74.058","07306","07306"
"1800","40.748,-74.032","07030","07030"
"1801","40.63,-74.02","11209","11209"
"1802","40.719,-74.051","07302","07302"
"1803","40.722,-74.046","07302","07302"
"1804","40.722,-74.043","07302","07302"
"1805","40.722,-74.05","07302","07302"
"1806","40.64,-73.97","11218","11218"
"1807","40.741,-74.029","07030","07030"
"1808","40.755,-73.991","10018","10018"
"1809","40.761,-73.985","10019","10019"
"1810","40.749,-73.999","10001","10001"
"1811","40.748,-73.973","10016","10016"
"1812","40.747,-74.008","10011","10011"
"1813","40.712,-74.016","10280","10280"
"1814","40.794,-73.963","10025","10025"
"1815","40.749,-73.976","10016","10016"
"1816","40.783,-73.959","10128","10128"
"1817","40.709,-74.01","10038","10038"
"1818","40.795,-73.962","10025","10025"
"1819","40.663,-73.961","11225","11225"
"1820","40.754,-73.98","10017","10017"
"1821","40.733,-73.995","10003","10003"
"1822","40.741,-73.986","10010","10010"
"1823","40.695,-73.99","11201","11201"
"1824","40.791,-73.965","10025","10025"
"1825","40.76,-73.976","10022","10022"
"1826","40.763,-73.939","11106","11106"
"1827","40.767,-73.965","10037","10037"
"1828","40.782,-73.953","10128","10128"
"1829","40.779,-73.959","10028","10028"
"1830","40.776,-73.965","10035","10035"
"1831","40.785,-73.971","10024","10024"
"1832","40.773,-73.983","10023","10023"
"1833","40.77,-73.983","10023","10023"
"1834","40.743,-74.001","10011","10011"
"1835","40.707,-74.016","10280","10280"
"1836","40.815,-73.959","10115","10115"
"1837","40.782,-73.95","10128","10128"
"1838","40.761,-73.968","10022","10022"
"1839","40.767,-73.977","10106","10019"
"1840","40.758,-73.962","10022","10022"
"1841","40.737,-73.977","10010","10010"
"1842","40.746,-74.007","10011","10011"
"1843","40.779,-73.953","10028","10028"
"1844","40.782,-73.959","10128","10128"
"1845","40.764,-73.983","10019","10019"
"1846","40.773,-73.962","10021","10021"
"1847","40.77,-73.953","10021","10021"
"1848","40.773,-73.968","10065","10065"
"1849","40.809,-73.95","10027","10027"
"1850","40.772,-73.991","10023","10023"
"1851","40.794,-73.965","10025","10025"
"1852","40.797,-73.947","10037","10037"
"1853","40.797,-73.971","10025","10025"
"1854","40.776,-73.983","10023","10023"
"1855","40.785,-73.983","10024","10024"
"1856","40.752,-73.983","10018","10018"
"1857","40.761,-74.004","10003","10003"
"1858","40.74,-74.004","10014","10014"
"1859","40.764,-73.986","10019","10019"
"1860","40.758,-73.959","10155","10022"
"1861","40.791,-73.953","10029","10029"
"1862","40.731,-73.98","10009","10009"
"1863","40.734,-74.004","10014","10014"
"1864","40.728,-73.98","10009","10009"
"1865","40.722,-73.986","10002","10002"
"1866","40.755,-73.989","10018","10018"
"1867","40.743,-73.995","10011","10011"
"1868","40.746,-73.998","10011","10011"
"1869","40.707,-73.935","11206","11206"
"1870","40.713,-73.965","11249","11211"
"1871","40.665,-73.989","11215","11215"
"1872","40.686,-73.953","11216","11216"
"1873","40.692,-73.977","11201","11201"
"1874","40.725,-73.983","10009","10009"
"1875","40.734,-74.007","10014","10014"
"1876","40.758,-73.998","10018","10018"
"1877","40.752,-73.941","11101","11101"
"1878","40.758,-73.944","11101","11101"
"1879","40.776,-73.929","11102","11102"
"1880","40.743,-73.953","11101","11101"
"1881","40.716,-73.947","11211","11211"
"1882","40.716,-73.989","10002","10002"
"1883","40.818,-73.917","10455","10455"
"1884","40.806,-73.908","10454","10454"
"1885","40.809,-73.923","10454","10454"
"1886","40.758,-73.923","11106","11106"
"1887","40.77,-73.935","11106","11106"
"1888","40.683,-73.944","11216","11216"
"1889","40.719,-73.95","11211","11211"
"1890","40.686,-73.917","11233","11233"
"1891","40.686,-73.914","11207","11207"
"1892","40.704,-73.917","11237","11237"
"1893","40.704,-73.905","11385","11385"
"1894","40.698,-73.899","11385","11385"
"1895","40.707,-73.923","11237","11237"
"1896","40.713,-73.92","11385","11385"
"1897","40.71,-73.923","11237","11237"
"1898","40.734,-73.995","10003","10003"
"1899","40.746,-73.983","10016","10016"
"1900","40.776,-73.98","10023","10023"
"1901","40.782,-73.98","10023","10023"
"1902","40.791,-73.974","10024","10024"
"1903","40.761,-73.998","10036","10036"
"1904","40.737,-74.01","10014","10014"
"1905","40.743,-73.998","10011","10011"
"1906","40.791,-73.968","10025","10025"
"1907","40.761,-73.986","10036","10036"
"1908","40.764,-73.959","10021","10021"
"1909","40.797,-73.938","10029","10029"
"1910","40.8,-73.941","10035","10035"
"1911","40.791,-73.947","10029","10029"
"1912","40.794,-73.962","10025","10025"
"1913","40.809,-73.938","10037","10037"
"1914","40.812,-73.923","10454","10454"
"1915","40.812,-73.914","10456","10456"
"1916","40.815,-73.911","10455","10455"
"1917","40.788,-73.953","10029","10029"
"1918","40.779,-73.95","10128","10128"
"1919","40.782,-73.947","10128","10128"
"1920","40.776,-73.95","10028","10028"
"1921","40.829,-73.918","10456","10456"
"1922","40.758,-73.969","10022","10022"
"1923","40.741,-73.978","10016","10016"
"1924","40.796,-73.951","10026","10026"
"1925","40.809,-73.947","10027","10027"
"1926","40.71,-73.998","10038","10038"
"1927","40.714,-74.067","07304","07304"
"1928","40.683,-73.911","11233","11233"
"1929","40.794,-73.95","10029","10029"
"1930","40.794,-73.971","10024","10024"
"1931","40.726,-74.049","07302","07302"
"1932","40.716,-74.041","07302","07302"
"1933","40.724,-73.996","10012","10012"
"1934","40.756,-73.967","10022","10022"
"1935","40.79,-73.977","10024","10024"
"1936","40.741,-74.001","10011","10011"
"1937","40.682,-73.961","11238","11238"
"1938","40.738,-74.004","10014","10014"
"1939","40.75,-74.002","10001","10001"
"1940","40.753,-73.94","11101","11101"
"1941","40.778,-73.955","10028","10028"
"1942","40.708,-74.002","10038","10038"
"1943","40.675,-73.985","11215","11215"
"1944","40.783,-73.981","10024","10024"
"1945","40.688,-73.979","11217","11217"
"1946","40.683,-73.983","11217","11217"
"1947","40.759,-73.969","10022","10022"
"1948","40.733,-73.992","10003","10003"
"1949","40.785,-73.95","10128","10128"
"1950","40.7,-73.991","11201","11201"
"1951","40.694,-73.991","11201","11201"
"1952","40.764,-73.966","10065","10065"
"1953","40.685,-73.987","11217","11217"
"1954","40.703,-73.988","11201","11201"
"1955","40.704,-74.008","10005","10005"
"1956","40.672,-73.993","11215","11215"
"1957","40.667,-73.957","11225","11225"
"1958","40.669,-73.995","11215","11215"
"1959","40.753,-74.003","10001","10001"
"1960","40.67,-73.995","11215","11215"
"1961","40.857,-73.89","10458","10458"
"1962","40.854,-73.893","10457","10457"
"1963","40.854,-73.89","10457","10457"
"1964","40.863,-73.896","10458","10458"
"1965","40.863,-73.89","10458","10458"
"1966","40.854,-73.887","10458","10458"
"1967","40.842,-73.881","10460","10460"
"1968","40.848,-73.887","10457","10457"
"1969","40.854,-73.902","10457","10457"
"1970","40.857,-73.902","10453","10453"
"1971","40.851,-73.902","10457","10457"
"1972","40.851,-73.905","10453","10453"
"1973","40.845,-73.902","10457","10457"
"1974","40.86,-73.899","10468","10468"
"1975","40.866,-73.896","10468","10468"
"1976","40.842,-73.884","10460","10460"
"1977","40.854,-73.905","10453","10453"
"1978","40.86,-73.893","10458","10458"
"1979","40.848,-73.893","10457","10457"
"1980","40.854,-73.911","10453","10453"
"1981","40.857,-73.881","10458","10458"
"1982","40.857,-73.884","10458","10458"
"1983","40.866,-73.893","10458","10458"
"1984","40.863,-73.893","10458","10458"
"1985","40.857,-73.887","10458","10458"
"1986","40.86,-73.896","10458","10458"
"1987","40.866,-73.884","10458","10458"
"1988","40.851,-73.893","10457","10457"
"1989","40.86,-73.902","10468","10468"
"1990","40.854,-73.884","10458","10458"
"1991","40.854,-73.908","10453","10453"
"1992","40.86,-73.887","10458","10458"
"1993","40.848,-73.89","10457","10457"
"1994","40.869,-73.899","10468","10468"
"1995","40.863,-73.899","10468","10468"
"1996","40.869,-73.902","10468","10468"
"1997","40.866,-73.899","10468","10468"
"1998","40.857,-73.899","10457","10457"
"1999","40.842,-73.878","10460","10460"
"2000","40.863,-73.902","10468","10468"
"2001","40.845,-73.911","10457","10457"
"2002","40.845,-73.899","10457","10457"
"2003","40.866,-73.902","10468","10468"
"2004","40.845,-73.914","10453","10453"
"2005","40.848,-73.908","10453","10453"
"2006","40.854,-73.899","10457","10457"
"2007","40.776,-73.96","10075","10075"
"2008","40.705,-74.015","10006","10006"
"2009","40.68,-73.995","11231","11231"
"2010","40.698,-73.992","11201","11201"
"2011","40.752,-73.995","10001","10001"
"2012","40.77,-73.989","10040","10040"
"2013","40.737,-73.989","10003","10003"
"2014","40.734,-73.986","10003","10003"
"2015","40.722,-73.995","10012","10012"
"2016","40.752,-73.989","10018","10018"
"2017","40.767,-73.989","10019","10019"
"2018","40.752,-73.977","10170","10170"
"2019","40.734,-73.977","10010","10010"
"2020","40.74,-73.986","10010","10010"
"2021","40.761,-73.989","10036","10036"
"2022","40.764,-73.998","10036","10036"
"2023","40.749,-73.989","10001","10001"
"2024","40.716,-74.016","10282","10282"
"2025","40.746,-73.986","10035","10035"
"2026","40.749,-73.983","10016","10016"
"2027","40.758,-73.977","10035","10035"
"2028","40.728,-73.995","10012","10012"
"2029","40.737,-74.007","10014","10014"
"2030","40.731,-73.992","10003","10003"
"2031","40.719,-73.989","10002","10002"
"2032","40.8,-73.956","10026","10026"
"2033","40.803,-73.956","10026","10026"
"2034","40.761,-73.962","10065","10065"
"2035","40.728,-73.953","11222","11222"
"2036","40.716,-73.935","11211","11211"
"2037","40.704,-73.926","11237","11237"
"2038","40.692,-73.944","11221","11221"
"2039","40.692,-73.95","11206","11206"
"2040","40.692,-73.992","11201","11201"
"2041","40.74,-73.998","10011","10011"
"2042","40.782,-73.986","10069","10069"
"2043","40.809,-73.959","10027","10027"
"2044","40.755,-73.974","10170","10170"
"2045","40.743,-73.98","10016","10016"
"2046","40.749,-73.986","10118","10001"
"2047","40.761,-73.995","10036","10036"
"2048","40.743,-73.983","10016","10016"
"2049","40.737,-73.983","10010","10010"
"2050","40.692,-73.983","11201","11201"
"2051","40.701,-73.932","11237","11237"
"2052","40.719,-74.001","10013","10013"
"2053","40.716,-73.962","11249","11211"
"2054","40.716,-73.959","11211","11211"
"2055","40.731,-73.953","11222","11222"
"2056","40.743,-73.95","11101","11101"
"2057","40.743,-73.956","11109","11109"
"2058","40.746,-73.944","11101","11101"
"2059","40.746,-73.95","11101","11101"
"2060","40.746,-73.959","11101","11101"
"2061","40.722,-73.953","11222","11222"
"2062","40.746,-73.935","11109","11109"
"2063","40.725,-73.947","11222","11222"
"2064","40.725,-73.95","11222","11222"
"2065","40.722,-73.944","11222","11222"
"2066","40.719,-73.956","11211","11211"
"2067","40.737,-73.953","11222","11222"
"2068","40.716,-73.944","11211","11211"
"2069","40.725,-73.944","11222","11222"
"2070","40.692,-73.98","11201","11201"
"2071","40.686,-73.977","11217","11217"
"2072","40.677,-73.965","11238","11238"
"2073","40.68,-73.968","11238","11238"
"2074","40.689,-73.959","11221","11221"
"2075","40.695,-73.989","11201","11201"
"2076","40.731,-73.947","11222","11222"
"2077","40.722,-73.956","11249","11211"
"2078","40.71,-73.962","11211","11211"
"2079","40.713,-73.962","11211","11211"
"2080","40.707,-73.947","11206","11206"
"2081","40.713,-73.95","11211","11211"
"2082","40.686,-73.983","11217","11217"
"2083","40.689,-73.986","11217","11217"
"2084","40.704,-73.989","10002","10002"
"2085","40.695,-73.992","11231","11231"
"2086","40.689,-73.992","11201","11201"
"2087","40.698,-73.986","11201","11201"
"2088","40.701,-73.971","11251","11211"
"2089","40.674,-73.974","11215","11215"
"2090","40.677,-73.974","11217","11217"
"2091","40.674,-73.962","11238","11238"
"2092","40.665,-73.977","11215","11215"
"2093","40.695,-73.962","11205","11205"
"2094","40.677,-73.956","11238","11238"
"2095","40.671,-73.959","11238","11238"
"2096","40.662,-73.98","11215","11215"
"2097","40.746,-74.001","10011","10011"
"2098","40.761,-73.983","10019","10019"
"2099","40.779,-73.947","10128","10128"
"2100","40.761,-73.992","10036","10036"
"2101","40.779,-73.98","10023","10023"
"2102","40.74,-73.974","10016","10016"
"2103","40.749,-73.974","10017","10017"
"2104","40.74,-73.983","10010","10010"
"2105","40.779,-73.977","10023","10023"
"2106","40.758,-73.995","10003","10003"
"2107","40.767,-73.986","10019","10019"
"2108","40.755,-73.986","10036","10036"
"2109","40.776,-73.986","10023","10023"
"2110","40.776,-73.944","10128","10128"
"2111","40.749,-74.004","10001","10001"
"2112","40.806,-73.962","10027","10027"
"2113","40.767,-73.98","10019","10019"
"2114","40.77,-73.965","10021","10021"
"2115","40.725,-74.004","10012","10012"
"2116","40.719,-74.01","10013","10013"
"2117","40.716,-74.01","10013","10013"
"2118","40.713,-73.998","10038","10038"
"2119","40.713,-73.98","10002","10002"
"2120","40.731,-73.959","11222","11222"
"2121","40.737,-73.959","11222","11222"
"2122","40.728,-73.959","11222","11222"
"2123","40.71,-74.001","10038","10038"
"2124","40.716,-73.995","10002","10002"
"2125","40.704,-74.013","10004","10004"
"2126","40.713,-73.992","10002","10002"
"2127","40.734,-73.989","10003","10003"
"2128","40.752,-73.974","10017","10017"
"2129","40.719,-74.013","10282","10282"
"2130","40.752,-74.004","10001","10001"
"2131","40.767,-73.995","10019","10019"
"2132","40.728,-73.998","10014","10014"
"2133","40.767,-73.992","10019","10019"
"2134","40.701,-74.013","10004","10004"
"2135","40.728,-74.01","10013","10013"
"2136","40.722,-73.998","10012","10012"
"2137","40.674,-73.953","11216","11216"
"2138","40.668,-73.989","11215","11215"
"2139","40.689,-74.001","11231","11231"
"2140","40.707,-73.941","11206","11206"
"2141","40.707,-73.968","11249","11211"
"2142","40.677,-73.968","11238","11238"
"2143","40.686,-73.974","11217","11217"
"2144","40.722,-73.98","10009","10009"
"2145","40.719,-73.995","10013","10013"
"2146","40.722,-73.983","10009","10009"
"2147","40.779,-73.989","10069","10069"
"2148","40.716,-74.033","07311","07311"
"2149","40.845,-73.881","10460","10460"
"2150","40.866,-73.887","10458","10458"
"2151","40.845,-73.89","10457","10457"
"2152","40.845,-73.884","10460","10460"
"2153","40.851,-73.896","10457","10457"
"2154","40.848,-73.911","10453","10453"
"2155","40.848,-73.905","10457","10457"
"2156","40.845,-73.905","10457","10457"
"2157","40.86,-73.884","10458","10458"
"2158","40.851,-73.884","10457","10457"
"2159","40.848,-73.896","10457","10457"
"2160","40.857,-73.896","10458","10458"
"2161","40.723,-74.046","07302","07302"
"2162","40.761,-73.977","10019","10019"
"2163","40.749,-73.998","10001","10001"
